2018-02-07,22:31:03,135780,-1.1,-5.6,994.7,995.2,8.7,16.5,0.01,3.7,111000,54.5,227
2018-02-07,22:31:03,134930,-0.6,-5.8,997.5,1020.2,26.2,6.8,0.12,1.9,111000,67.2,307
2018-02-07,22:31:04,135780,-1.1,-5.6,994.7,995.2,8.7,16.5,0.01,3.7,111000,54.5,227
2018-02-07,22:31:04,134930,-0.6,-5.8,997.5,1020.2,26.2,6.8,0.12,1.9,111000,67.2,307
2018-02-07,22:31:05,134930,-0.90000004,-8.700001,1496.25,1530.3,39.300003,10.200001,0.17999999,2.85,111000,100.799995,461
2018-02-07,22:31:05,135780,-1.6500001,-8.4,1492.05,1492.8,13.049999,24.75,0.015,5.55,111000,81.75,341
2018-02-07,22:31:06,135780,-2.2,-11.2,1989.4,1990.4,17.4,33.0,0.02,7.4,111000,109.0,455
2018-02-07,22:31:06,134930,-1.2,-11.6,1995.0,2040.4,52.4,13.6,0.24,3.8,111000,134.4,615
2018-02-07,22:31:07,135780,-2.75,-14.0,2486.75,2488.0,21.75,41.25,0.024999999,9.25,111000,136.25,569
2018-02-07,22:31:07,134930,-1.5,-14.5,2493.75,2550.5,65.5,17.0,0.29999998,4.75,111000,168.0,769
2018-02-07,22:31:08,135780,-3.3,-16.8,2984.1,2985.6,26.1,49.5,0.029999997,11.1,111000,163.5,683
2018-02-07,22:31:08,134930,-1.8,-17.4,2992.5,3060.6,78.6,20.4,0.35999998,5.7,111000,201.6,923
2018-02-07,22:31:09,135780,-3.85,-19.599998,3481.4502,3483.2002,30.45,57.75,0.034999996,12.950001,111000,190.75,797
2018-02-07,22:31:09,134930,-2.1,-20.3,3491.25,3570.7002,91.7,23.8,0.42,6.6499996,111000,235.2,1077
2018-02-07,22:31:10,134930,-2.3999999,-23.199999,3990.0,4080.8003,104.799995,27.199999,0.48,7.5999994,111000,268.8,1231
2018-02-07,22:31:10,135780,-4.4,-22.399998,3978.8003,3980.8003,34.8,66.0,0.039999995,14.800001,111000,218.0,911
2018-02-07,22:31:11,135780,-4.9500003,-25.199997,4476.1504,4478.4004,39.149998,74.25,0.044999994,16.650002,111000,245.25,1025
2018-02-07,22:31:11,134930,-2.6999998,-26.099998,4488.75,4590.9004,117.899994,30.599998,0.53999996,8.549999,111000,302.4,1385
2018-02-07,22:31:12,134930,-2.9999998,-28.999998,4987.5,5101.0005,131.0,34.0,0.59999996,9.499999,111000,336.0,1539
2018-02-07,22:31:12,135780,-5.5000005,-27.999996,4973.5005,4976.0005,43.499996,82.5,0.049999993,18.500002,111000,272.5,1139
2018-02-07,22:31:13,134930,-3.2999997,-31.899998,5486.25,5611.1006,144.1,37.4,0.65999997,10.449999,111000,369.6,1693
2018-02-07,22:31:13,135780,-6.05,-30.799995,5470.8506,5473.6006,47.85,90.75,0.054999992,20.350002,111000,299.75,1253
2018-02-07,22:31:14,135780,-6.6000004,-33.599995,5968.2007,5971.2007,52.199997,99.0,0.05999999,22.200003,111000,327.0,1367
2018-02-07,22:31:14,134930,-3.5999997,-34.8,5985.0,6121.2007,157.20001,40.800003,0.71999997,11.399999,111000,403.2,1847
2018-02-07,22:31:15,134930,-3.8999996,-37.7,6483.75,6631.301,170.30002,44.200005,0.78,12.349998,111000,436.80002,2001
2018-02-07,22:31:15,135780,-7.1500006,-36.399994,6465.551,6468.801,56.549995,107.25,0.06499999,24.050003,111000,354.25,1481
2018-02-07,22:31:16,134930,-4.2,-40.600002,6982.5,7141.401,183.40002,47.600006,0.84,13.299998,111000,470.40002,2155
2018-02-07,22:31:16,135780,-7.700001,-39.199993,6962.901,6966.401,60.899994,115.5,0.06999999,25.900003,111000,381.5,1595
2018-02-07,22:31:17,135780,-8.250001,-41.999992,7460.251,7464.001,65.24999,123.75,0.074999996,27.750004,111000,408.75,1709
2018-02-07,22:31:17,134930,-4.5,-43.500004,7481.25,7651.501,196.50003,51.000008,0.9,14.249998,111000,504.00003,2309
2018-02-07,22:31:18,134930,-4.8,-46.400005,7980.0,8161.601,209.60004,54.40001,0.96,15.199998,111000,537.60004,2463
2018-02-07,22:31:18,135780,-8.800001,-44.79999,7957.601,7961.601,69.59999,132.0,0.08,29.600004,111000,436.0,1823
2018-02-07,22:31:19,135780,-9.350001,-47.59999,8454.951,8459.201,73.94999,140.25,0.085,31.450005,111000,463.25,1937
2018-02-07,22:31:19,134930,-5.1000004,-49.300007,8478.75,8671.701,222.70004,57.80001,1.02,16.149998,111000,571.2,2617
2018-02-07,22:31:20,134930,-5.4000006,-52.20001,8977.5,9181.801,235.80005,61.200012,1.0799999,17.099998,111000,604.8,2771
2018-02-07,22:31:20,135780,-9.900002,-50.39999,8952.301,8956.801,78.29999,148.5,0.09,33.300003,111000,490.5,2051
2018-02-07,22:31:21,135780,-10.450002,-53.19999,9449.65,9454.4,82.64999,156.75,0.095000006,35.15,111000,517.75,2165
2018-02-07,22:31:21,134930,-5.700001,-55.100006,9476.25,9691.9,248.90005,64.60001,1.1399999,18.05,111000,638.39996,2925
2018-02-07,22:31:22,135780,-11.000002,-55.99999,9947.0,9952.0,86.999985,165.0,0.10000001,37.0,111000,545.0,2279
2018-02-07,22:31:22,134930,-6.000001,-58.000008,9975.0,10202.0,262.00006,68.000015,1.1999999,19.0,111000,671.99994,3079
2018-02-07,22:31:23,134930,-6.300001,-60.90001,10473.75,10712.1,275.10007,71.40002,1.26,19.95,111000,705.5999,3233
2018-02-07,22:31:23,135780,-11.550002,-58.799988,10444.35,10449.6,91.34998,173.25,0.10500001,38.85,111000,572.25,2393
2018-02-07,22:31:24,134930,-6.6000013,-63.80001,10972.5,11222.199,288.20007,74.80002,1.3199999,20.900002,111000,739.1999,3387
2018-02-07,22:31:24,135780,-12.100002,-61.599987,10941.699,10947.199,95.69998,181.5,0.110000014,40.699997,111000,599.5,2507
2018-02-07,22:31:25,135780,-12.6500025,-64.39999,11439.049,11444.799,100.04998,189.75,0.11500001,42.549995,111000,626.75,2621
2018-02-07,22:31:25,134930,-6.9000015,-66.70001,11471.25,11732.299,301.30008,78.20002,1.3799999,21.850002,111000,772.79987,3541
2018-02-07,22:31:26,135780,-13.200003,-67.19999,11936.398,11942.398,104.39998,198.0,0.12000001,44.399994,111000,654.0,2735
2018-02-07,22:31:26,134930,-7.2000017,-69.60001,11970.0,12242.398,314.4001,81.60002,1.4399998,22.800003,111000,806.39984,3695
2018-02-07,22:31:27,135780,-13.750003,-69.99999,12433.748,12439.998,108.74998,206.25,0.12500001,46.249992,111000,681.25,2849
2018-02-07,22:31:27,134930,-7.500002,-72.500015,12468.75,12752.498,327.5001,85.00002,1.4999999,23.750004,111000,839.9998,3849
2018-02-07,22:31:28,134930,-7.800002,-75.40002,12967.5,13262.598,340.6001,88.400024,1.56,24.700005,111000,873.59985,4003
2018-02-07,22:31:28,135780,-14.300003,-72.799995,12931.098,12937.598,113.099976,214.5,0.13000001,48.09999,111000,708.5,2963
2018-02-07,22:31:29,134930,-8.100002,-78.30002,13466.25,13772.697,353.7001,91.800026,1.6199999,25.650005,111000,907.1998,4157
2018-02-07,22:31:29,135780,-14.850003,-75.6,13428.447,13435.197,117.449974,222.75,0.135,49.94999,111000,735.75,3077
2018-02-07,22:31:30,134930,-8.4000025,-81.20002,13965.0,14282.798,366.8001,95.20003,1.6799998,26.600004,111000,940.7998,4311
2018-02-07,22:31:30,135780,-15.400003,-78.4,13925.798,13932.798,121.79997,231.0,0.14,51.79999,111000,763.0,3191
2018-02-07,22:31:31,135780,-15.950004,-81.200005,14423.148,14430.398,126.14997,239.25,0.145,53.649994,111000,790.25,3305
2018-02-07,22:31:31,134930,-8.700003,-84.10002,14463.75,14792.898,379.90012,98.60003,1.7399998,27.550003,111000,974.3998,4465
2018-02-07,22:31:32,134930,-9.000003,-87.00002,14962.5,15302.998,393.00012,102.00003,1.7999998,28.500004,111000,1007.99976,4619
2018-02-07,22:31:32,135780,-16.500004,-84.00001,14920.498,14927.998,130.49997,247.5,0.14999999,55.499992,111000,817.5,3419
2018-02-07,22:31:33,135780,-17.050003,-86.80001,15417.848,15425.598,134.84998,255.75,0.15499999,57.34999,111000,844.75,3533
2018-02-07,22:31:33,134930,-9.300003,-89.900024,15461.25,15813.098,406.10013,105.40003,1.8599999,29.450005,111000,1041.5997,4773
2018-02-07,22:31:34,135780,-17.581669,-89.506676,15898.619,15906.611,139.05498,263.725,0.15983333,59.138325,111000,871.0917,3643
2018-02-07,22:31:34,134930,-9.590003,-92.703354,15943.375,16306.194,418.76346,108.6867,1.9179999,30.368338,111000,1074.0797,4921
2018-02-07,22:31:35,135780,-18.645613,-94.92312,16860.715,16869.191,147.46982,279.68417,0.16950555,62.71705,111000,923.8053,3863
2018-02-07,22:31:35,134930,-10.170336,-98.31324,16908.18,17292.955,444.10468,115.26381,2.0340664,32.20606,111000,1139.077,5218
2018-02-07,22:31:36,135780,-20.224092,-102.959015,18288.092,18297.285,159.95416,303.36136,0.18385537,68.02648,111000,1002.0118,4190
2018-02-07,22:31:36,134930,-11.031324,-106.63613,18339.574,18756.924,481.70117,125.02168,2.2062643,34.93252,111000,1235.5078,5660
2018-02-07,22:31:37,134930,-12.163613,-117.5816,20222.006,20682.193,531.1445,137.8543,2.432722,38.518105,111000,1362.3242,6241
2018-02-07,22:31:37,135780,-22.299955,-113.52705,20165.238,20175.375,176.37236,334.49933,0.20272686,75.008934,111000,1104.8613,4620
2018-02-07,22:31:38,1357802018-02-07,22:34:22,135780,-1.1,-5.6,994.5,995.9,8.7,15.4,0.01,3.7,111000,54.0,231
2018-02-07,22:34:22,135830,-3.7,-7.1,1065.7,1032.0,10.9,3.8,0.0,0.0,100000,23.5,299
2018-02-07,22:34:22,135860,-0.7,-5.6,1006.8,1024.0,11.9,5.9,0.02,0.4,111000,51.9,156
2018-02-07,22:34:22,134930,-0.6,-6.8,998.7,1020.2,25.0,7.3,0.12,1.9,111000,66.5,312
2018-02-07,22:34:23,135830,-3.7,-7.1,1065.7,1032.0,10.9,3.8,0.0,0.0,100000,23.5,299
2018-02-07,22:34:23,135780,-1.1,-5.6,994.5,995.9,8.7,15.4,0.01,3.7,111000,54.0,231
2018-02-07,22:34:23,134930,-0.6,-6.8,998.7,1020.2,25.0,7.3,0.12,1.9,111000,66.5,312
2018-02-07,22:34:23,135860,-0.7,-5.6,1006.8,1024.0,11.9,5.9,0.02,0.4,111000,51.9,156
2018-02-07,22:34:24,134930,-0.90000004,-10.200001,1498.05,1530.3,37.5,10.950001,0.17999999,2.85,111000,99.75,468
2018-02-07,22:34:24,135830,-5.55,-10.65,1598.5499,1548.0,16.349998,5.7,0.0,0.0,100000,35.25,449
2018-02-07,22:34:24,135780,-1.6500001,-8.4,1491.75,1493.8501,13.049999,23.099998,0.015,5.55,111000,81.0,347
2018-02-07,22:34:24,135860,-1.05,-8.4,1510.2,1536.0,17.849998,8.85,0.03,0.6,111000,77.850006,234
2018-02-07,22:34:25,135830,-7.4,-14.2,2131.4,2064.0,21.8,7.6,0.0,0.0,100000,47.0,599
2018-02-07,22:34:25,135860,-1.4,-11.2,2013.6,2048.0,23.8,11.8,0.04,0.8,111000,103.8,312
2018-02-07,22:34:25,135780,-2.2,-11.2,1989.0,1991.8,17.4,30.8,0.02,7.4,111000,108.0,463
2018-02-07,22:34:25,134930,-1.2,-13.6,1997.4,2040.4,50.0,14.6,0.24,3.8,111000,133.0,624
2018-02-07,22:34:26,135830,-9.25,-17.75,2664.25,2580.0,27.25,9.5,0.0,0.0,100000,58.75,749
2018-02-07,22:34:26,135780,-2.75,-14.0,2486.25,2489.75,21.75,38.5,0.024999999,9.25,111000,135.0,579
2018-02-07,22:34:26,134930,-1.5,-17.0,2496.75,2550.5,62.5,18.25,0.29999998,4.75,111000,166.25,780
2018-02-07,22:34:26,135860,-1.75,-14.0,2517.0,2560.0,29.75,14.75,0.049999997,1.0,111000,129.75,390
2018-02-07,22:34:27,135780,-3.3,-16.8,2983.5,2987.7,26.1,46.2,0.029999997,11.1,111000,162.0,695
2018-02-07,22:34:27,135830,-11.1,-21.3,3197.1,3096.0,32.7,11.4,0.0,0.0,100000,70.5,899
2018-02-07,22:34:27,135860,-2.1,-16.8,3020.4,3072.0,35.7,17.7,0.059999995,1.2,111000,155.7,468
2018-02-07,22:34:27,134930,-1.8,-20.4,2996.1,3060.6,75.0,21.9,0.35999998,5.7,111000,199.5,936
2018-02-07,22:34:28,135780,-3.85,-19.599998,3480.75,3485.65,30.45,53.9,0.034999996,12.950001,111000,189.0,811
2018-02-07,22:34:28,135830,-12.950001,-24.849998,3729.95,3612.0,38.15,13.299999,0.0,0.0,100000,82.25,1049
2018-02-07,22:34:28,135860,-2.4499998,-19.599998,3523.7998,3584.0,41.65,20.650002,0.06999999,1.4000001,111000,181.65,546
2018-02-07,22:34:28,134930,-2.1,-23.8,3495.4502,3570.7002,87.5,25.55,0.42,6.6499996,111000,232.75,1092
2018-02-07,22:34:29,134930,-2.3999999,-27.199999,3994.8003,4080.8003,100.0,29.199999,0.48,7.5999994,111000,266.0,1248
2018-02-07,22:34:29,135830,-14.800001,-28.399998,4262.8,4128.0,43.600002,15.199999,0.0,0.0,100000,94.0,1199
2018-02-07,22:34:29,135780,-4.4,-22.399998,3978.0,3983.5999,34.8,61.600002,0.039999995,14.800001,111000,216.0,927
2018-02-07,22:34:29,135860,-2.7999997,-22.399998,4027.1997,4096.0,47.600002,23.600002,0.07999999,1.6000001,111000,207.59999,624
2018-02-07,22:34:30,135860,-3.1499996,-25.199997,4530.5996,4608.0,53.550003,26.550003,0.08999999,1.8000002,111000,233.54999,702
2018-02-07,22:34:30,135780,-4.9500003,-25.199997,4475.25,4481.55,39.149998,69.3,0.044999994,16.650002,111000,243.0,1043
2018-02-07,22:34:30,134930,-2.6999998,-30.599998,4494.1504,4590.9004,112.5,32.85,0.53999996,8.549999,111000,299.25,1404
2018-02-07,22:34:30,135830,-16.650002,-31.949997,4795.65,4644.0,49.050003,17.099998,0.0,0.0,100000,105.75,1349
2018-02-07,22:34:31,135780,-5.5000005,-27.999996,4972.5,4979.5,43.499996,77.0,0.049999993,18.500002,111000,270.0,1159
2018-02-07,22:34:31,135830,-18.500002,-35.499996,5328.5,5160.0,54.500004,18.999998,0.0,0.0,100000,117.5,1499
2018-02-07,22:34:31,134930,-2.9999998,-34.0,4993.5005,5101.0005,125.0,36.5,0.59999996,9.499999,111000,332.5,1560
2018-02-07,22:34:31,135860,-3.4999995,-27.999996,5033.9995,5120.0,59.500004,29.500004,0.09999999,2.0000002,111000,259.5,780
2018-02-07,22:34:32,135830,-20.350002,-39.049995,5861.35,5676.0,59.950005,20.899998,0.0,0.0,100000,129.25,1649
2018-02-07,22:34:32,135780,-6.05,-30.799995,5469.75,5477.45,47.85,84.7,0.054999992,20.350002,111000,297.0,1275
2018-02-07,22:34:32,134930,-3.2999997,-37.4,5492.8506,5611.1006,137.5,40.15,0.65999997,10.449999,111000,365.75,1716
2018-02-07,22:34:32,135860,-3.8499994,-30.799995,5537.3994,5632.0,65.450005,32.450005,0.109999985,2.2000003,111000,285.45,858
2018-02-07,22:34:33,135780,-6.6000004,-33.599995,5967.0,5975.4004,52.199997,92.399994,0.05999999,22.200003,111000,324.0,1391
2018-02-07,22:34:33,135830,-22.200003,-42.599995,6394.2,6192.0,65.4,22.799997,0.0,0.0,100000,141.0,1799
2018-02-07,22:34:33,135860,-4.1999993,-33.599995,6040.7993,6144.0,71.4,35.400005,0.11999998,2.4000003,111000,311.40002,936
2018-02-07,22:34:33,134930,-3.5999997,-40.800003,5992.2007,6121.2007,150.0,43.800003,0.71999997,11.399999,111000,399.0,1872
2018-02-07,22:34:34,135830,-24.050003,-46.149994,6927.0503,6708.0,70.85,24.699997,0.0,0.0,100000,152.75,1949
2018-02-07,22:34:34,134930,-3.8999996,-44.200005,6491.551,6631.301,162.5,47.450005,0.78,12.349998,111000,432.25,2028
2018-02-07,22:34:34,135780,-7.1500006,-36.399994,6464.25,6473.3506,56.549995,100.09999,0.06499999,24.050003,111000,351.0,1507
2018-02-07,22:34:34,135860,-4.549999,-36.399994,6544.199,6656.0,77.35,38.350006,0.12999998,2.6000004,111000,337.35004,1014
2018-02-07,22:34:35,134930,-4.2,-47.600006,6990.901,7141.401,175.0,51.100006,0.84,13.299998,111000,465.5,2184
2018-02-07,22:34:35,135830,-25.900003,-49.699993,7459.9004,7224.0,76.299995,26.599997,0.0,0.0,100000,164.5,2099
2018-02-07,22:34:35,135780,-7.700001,-39.199993,6961.5,6971.301,60.899994,107.79999,0.06999999,25.900003,111000,378.0,1623
2018-02-07,22:34:35,135860,-4.899999,-39.199993,7047.599,7168.0,83.299995,41.300007,0.13999999,2.8000004,111000,363.30005,1092
2018-02-07,22:34:36,135830,-27.750004,-53.249992,7992.7505,7740.0,81.74999,28.499996,0.0,0.0,100000,176.25,2249
2018-02-07,22:34:36,135780,-8.250001,-41.999992,7458.75,7469.251,65.24999,115.499985,0.074999996,27.750004,111000,405.0,1739
2018-02-07,22:34:36,134930,-4.5,-51.000008,7490.251,7651.501,187.5,54.750008,0.9,14.249998,111000,498.75,2340
2018-02-07,22:34:36,135860,-5.249999,-41.999992,7550.999,7680.0,89.24999,44.250008,0.14999999,3.0000005,111000,389.25006,1170
2018-02-07,22:34:37,135830,-29.600004,-56.79999,8525.601,8256.0,87.19999,30.399996,0.0,0.0,100000,188.0,2399
2018-02-07,22:34:37,135780,-8.800001,-44.79999,7956.0,7967.201,69.59999,123.19998,0.08,29.600004,111000,432.0,1855
2018-02-07,22:34:37,135860,-5.599999,-44.79999,8054.399,8192.0,95.19999,47.20001,0.16,3.2000005,111000,415.20007,1248
2018-02-07,22:34:37,134930,-4.8,-54.40001,7989.601,8161.601,200.0,58.40001,0.96,15.199998,111000,532.0,2496
2018-02-07,22:34:38,135830,-31.450005,-60.34999,9058.45,8772.0,92.64999,32.299995,0.0,0.0,100000,199.75,2549
2018-02-07,22:34:38,135780,-9.350001,-47.59999,8453.25,8465.151,73.94999,130.89998,0.085,31.450005,111000,459.0,1971
2018-02-07,22:34:38,134930,-5.1000004,-57.80001,8488.951,8671.701,212.5,62.05001,1.02,16.149998,111000,565.25,2652
2018-02-07,22:34:38,135860,-5.949999,-47.59999,8557.799,8704.0,101.14999,50.15001,0.17,3.4000006,111000,441.1501,1326
2018-02-07,22:34:39,135780,-9.900002,-50.39999,8950.5,8963.102,78.29999,138.59998,0.09,33.300003,111000,486.0,2087
2018-02-07,22:34:39,135830,-33.300003,-63.89999,9591.3,9288.0,98.09998,34.199997,0.0,0.0,100000,211.5,2699
2018-02-07,22:34:39,134930,-5.4000006,-61.200012,8988.301,9181.801,225.0,65.70001,1.0799999,17.099998,111000,598.5,2808
2018-02-07,22:34:39,135860,-6.2999988,-50.39999,9061.199,9216.0,107.09998,53.10001,0.18,3.6000006,111000,467.1001,1404
2018-02-07,22:34:40,135830,-35.15,-67.44999,10124.149,9804.0,103.54999,36.1,0.0,0.0,100000,223.25,2849
2018-02-07,22:34:40,134930,-5.700001,-64.60001,9487.65,9691.9,237.5,69.35001,1.1399999,18.05,111000,631.75,2964
2018-02-07,22:34:40,135780,-10.450002,-53.19999,9447.75,9461.052,82.64999,146.29997,0.095000006,35.15,111000,513.0,2203
2018-02-07,22:34:40,135860,-6.6499987,-53.19999,9564.6,9728.0,113.04999,56.05001,0.19000001,3.8000007,111000,493.0501,1482
2018-02-07,22:34:41,135780,-11.000002,-55.99999,9945.0,9959.002,86.999985,153.99997,0.10000001,37.0,111000,540.0,2319
2018-02-07,22:34:41,135830,-37.0,-70.99999,10656.999,10320.0,108.999985,38.0,0.0,0.0,100000,235.0,2999
2018-02-07,22:34:41,134930,-6.000001,-68.000015,9987.0,10202.0,250.0,73.000015,1.1999999,19.0,111000,665.0,3120
2018-02-07,22:34:41,135860,-6.9999986,-55.99999,10068.0,10240.0,118.999985,59.00001,0.20000002,4.0000005,111000,519.0001,1560
2018-02-07,22:34:42,134930,-6.300001,-71.40002,10486.35,10712.1,262.5,76.65002,1.26,19.95,111000,698.25,3276
2018-02-07,22:34:42,135830,-38.85,-74.549995,11189.849,10836.0,114.44998,39.9,0.0,0.0,100000,246.75,3149
2018-02-07,22:34:42,135860,-7.3499985,-58.799988,10571.4,10752.0,124.94998,61.950012,0.21000002,4.2000003,111000,544.95013,1638
2018-02-07,22:34:42,135780,-11.550002,-58.799988,10442.25,10456.952,91.34998,161.69997,0.10500001,38.85,111000,567.0,2435
2018-02-07,22:34:43,134930,-6.6000013,-74.80002,10985.699,11222.199,275.0,80.30002,1.3199999,20.900002,111000,731.5,3432
2018-02-07,22:34:43,135780,-12.100002,-61.599987,10939.5,10954.902,95.69998,169.39996,0.110000014,40.699997,111000,594.0,2551
2018-02-07,22:34:43,135830,-40.699997,-78.1,11722.698,11352.0,119.89998,41.800003,0.0,0.0,100000,258.5,3299
2018-02-07,22:34:43,135860,-7.6999984,-61.599987,11074.801,11264.0,130.89998,64.90001,0.22000003,4.4,111000,570.90015,1716
2018-02-07,22:34:44,135830,-42.549995,-81.65,12255.548,11868.0,125.349976,43.700005,0.0,0.0,100000,270.25,3449
2018-02-07,22:34:44,135780,-12.6500025,-64.39999,11436.75,11452.853,100.04998,177.09996,0.11500001,42.549995,111000,621.0,2667
2018-02-07,22:34:44,135860,-8.049998,-64.39999,11578.201,11776.0,136.84998,67.850006,0.23000002,4.6,111000,596.85016,1794
2018-02-07,22:34:44,134930,-6.9000015,-78.20002,11485.049,11732.299,287.5,83.95002,1.3799999,21.850002,111000,764.75,3588
2018-02-07,22:34:45,135860,-8.399999,-67.19999,12081.602,12288.0,142.79997,70.8,0.24000002,4.7999997,111000,622.8002,1872
2018-02-07,22:34:45,135830,-44.399994,-85.200005,12788.397,12384.0,130.79997,45.600006,0.0,0.0,100000,282.0,3599
2018-02-07,22:34:45,134930,-7.2000017,-81.60002,11984.398,12242.398,300.0,87.60002,1.4399998,22.800003,111000,798.0,3744
2018-02-07,22:34:45,135780,-13.200003,-67.19999,11934.0,11950.803,104.39998,184.79996,0.12000001,44.399994,111000,648.0,2783
2018-02-07,22:34:46,135860,-8.749999,-69.99999,12585.002,12800.0,148.74997,73.75,0.25000003,4.9999995,111000,648.7502,1950
2018-02-07,22:34:46,134930,-7.500002,-85.00002,12483.748,12752.498,312.5,91.25002,1.4999999,23.750004,111000,831.25,3900
2018-02-07,22:34:46,135780,-13.750003,-69.99999,12431.25,12448.753,108.74998,192.49995,0.12500001,46.249992,111000,675.0,2899
2018-02-07,22:34:46,135830,-46.249992,-88.75001,13321.247,12900.0,136.24997,47.500008,0.0,0.0,100000,293.75,3749
2018-02-07,22:34:47,134930,-7.800002,-88.400024,12983.098,13262.598,325.0,94.900024,1.56,24.700005,111000,864.5,4056
2018-02-07,22:34:47,135860,-9.099999,-72.799995,13088.402,13312.0,154.69997,76.7,0.26000002,5.1999993,111000,674.7002,2028
2018-02-07,22:34:47,135830,-48.09999,-92.30001,13854.098,13416.0,141.69997,49.40001,0.0,0.0,100000,305.5,3899
2018-02-07,22:34:47,135780,-14.300003,-72.799995,12928.5,12946.703,113.099976,200.19995,0.13000001,48.09999,111000,702.0,3015
2018-02-07,22:34:48,135780,-14.850003,-75.6,13425.75,13444.653,117.449974,207.89995,0.135,49.94999,111000,729.0,3131
2018-02-07,22:34:48,135830,-49.94999,-95.85001,14386.947,13932.0,147.14996,51.30001,0.0,0.0,100000,317.25,4049
2018-02-07,22:34:48,134930,-8.100002,-91.800026,13482.447,13772.697,337.5,98.550026,1.6199999,25.650005,111000,897.75,4212
2018-02-07,22:34:48,135860,-9.45,-75.6,13591.803,13824.0,160.64996,79.649994,0.27,5.399999,111000,700.6502,2106
2018-02-07,22:34:49,135860,-9.8,-78.4,14095.202,14336.0,166.59996,82.59999,0.28,5.599999,111000,726.6002,2184
2018-02-07,22:34:49,135780,-15.400003,-78.4,13923.0,13942.604,121.79997,215.59995,0.14,51.79999,111000,756.0,3247
2018-02-07,22:34:49,135830,-51.79999,-99.40002,14919.797,14448.0,152.59996,53.20001,0.0,0.0,100000,329.0,4199
2018-02-07,22:34:49,134930,-8.4000025,-95.20003,13981.798,14282.798,350.0,102.20003,1.6799998,26.600004,111000,931.0,4368
2018-02-07,22:34:50,135830,-53.649994,-102.95001,15452.646,14964.0,158.04996,55.100006,0.0,0.0,100000,340.75,4349
2018-02-07,22:34:50,135780,-15.950004,-81.200005,14420.25,14440.554,126.14997,223.29994,0.145,53.649994,111000,783.0,3363
2018-02-07,22:34:50,135860,-10.150001,-81.200005,14598.602,14848.0,172.54996,85.54999,0.29,5.799999,111000,752.55023,2262
2018-02-07,22:34:50,134930,-8.700003,-98.60003,14481.148,14792.898,362.5,105.85003,1.7399998,27.550003,111000,964.25,4524
2018-02-07,22:34:51,135860,-10.500001,-84.00001,15102.002,15360.0,178.49995,88.499985,0.29999998,5.999999,111000,778.50024,2340
2018-02-07,22:34:51,134930,-9.000003,-102.00003,14980.498,15302.998,375.0,109.50003,1.7999998,28.500004,111000,997.5,4680
2018-02-07,22:34:51,135830,-55.499992,-106.500015,15985.496,15480.0,163.49995,57.000008,0.0,0.0,100000,352.5,4499
2018-02-07,22:34:51,135780,-16.500004,-84.00001,14917.5,14938.504,130.49997,230.99994,0.14999999,55.499992,111000,810.0,3479
2018-02-07,22:34:52,135780,-17.050003,-86.80001,15414.75,15436.454,134.84998,238.69994,0.15499999,57.34999,111000,837.0,3595
2018-02-07,22:34:52,135860,-10.850001,-86.80001,15605.402,15872.0,184.44995,91.44998,0.30999997,6.199999,111000,804.45026,2418
2018-02-07,22:34:52,135830,-57.34999,-110.05002,16518.346,15996.0,168.94995,58.90001,0.0,0.0,100000,364.25,4649
2018-02-07,22:34:52,134930,-9.300003,-105.40003,15479.848,15813.098,387.5,113.15003,1.8599999,29.450005,111000,1030.75,4836
2018-02-07,22:34:53,135780,-17.581669,-89.506676,15895.425,15917.806,139.05498,246.14326,0.15983333,59.138325,111000,863.1,3707
2018-02-07,22:34:53,135830,-59.138325,-113.48168,17033.434,16494.8,174.21829,60.736675,0.0,0.0,100000,375.60834,4794
2018-02-07,22:34:53,134930,-9.590003,-108.6867,15962.553,16306.194,399.58334,116.67837,1.9179999,30.368338,111000,1062.8917,4987
2018-02-07,22:34:53,135860,-11.188334,-89.506676,16092.022,16366.934,190.20161,94.30165,0.31966665,6.393332,111000,829.5353,2494
2018-02-07,22:34:54,134930,-10.170336,-115.26381,16928.518,17292.955,423.7639,123.73909,2.0340664,32.20606,111000,1127.212,5289
2018-02-07,22:34:54,135830,-62.71705,-120.34896,18064.203,17492.975,184.76102,64.41212,0.0,0.0,100000,398.33807,5084
2018-02-07,22:34:54,135780,-18.645613,-94.92312,16857.328,16881.062,147.46982,261.03848,0.16950555,62.71705,111000,915.32996,3931
2018-02-07,22:34:54,135860,-11.86539,-94.92312,17065.822,17357.37,201.71156,100.00826,0.3390111,6.780221,111000,879.73413,2645
2018-02-07,22:34:55,134930,-11.031324,-125.02168,18361.633,18756.924,459.63843,134.21445,2.2062643,34.93252,111000,1222.6383,5737
2018-02-07,22:34:55,135780,-20.224092,-102.959015,18284.418,18310.16,159.95416,283.1372,0.18385537,68.02648,111000,992.819,4263
2018-02-07,22:34:55,135830,-68.02648,-130.53732,19593.463,18973.875,200.40231,69.86504,0.0,0.0,100000,432.06015,5514
2018-02-07,22:34:55,135860,-12.869877,-102.959015,18510.562,18826.791,218.78784,108.474655,0.36771074,7.3542137,111000,954.20966,2869
2018-02-07,22:34:56,134930,-12.163613,-137.8543,20246.328,20682.193,506.81714,147.99063,2.432722,38.518105,111000,1348.1337,6326
2018-02-07,22:34:56,135830,-75.008934,-143.93608,21604.598,20921.412,220.97223,77.03621,0.0,0.0,100000,476.40814,6080
2018-02-07,22:34:56,135780,-22.299955,-113.52705,20161.188,20189.572,176.37236,312.1993,0.20272686,75.008934,111000,1094.725,4700
2018-02-07,22:34:56,135860,-14.190881,-113.52705,20410.543,20759.23,241.24492,119.60883,0.4054537,8.109074,111000,1052.1527,3164
2018-02-07,22:34:57,135780,-24.856623,-126.54281,22472.648,22504.287,196.59328,347.99268,0.22596928,83.608635,111000,1220.2341,5239
2018-02-07,22:34:57,135830,-83.608635,-160.43822,24081.545,23320.031,246.30649,85.86833,0.0,0.0,100000,531.0279,6777
2018-02-07,22:34:57,134930,-13.55816,-153.65915,22567.55,23053.387,564.9232,164.95761,2.7116313,42.934166,111000,1502.6959,7052
2018-02-07,22:34:57,135860,-15.817851,-126.54281,22750.592,23139.256,268.9034,133.32187,0.45193857,9.038772,111000,1172.781,3527
2018-02-07,22:34:58,135830,-93.77168,-179.94028,27008.777,26154.697,276.24628,96.30605,0.0,0.0,100000,595.57697,7601
2018-02-07,22:34:58,135780,-27.878069,-141.92471,25204.31,25239.795,220.49017,390.2929,0.25343698,93.77168,111000,1368.5597,5876
2018-02-07,22:34:58,135860,-17.74059,-141.92471,25516.04,25951.947,301.58997,149.5278,0.50687397,10.13748,111000,1315.3383,3956
2018-02-07,22:34:58,134930,-15.206221,-172.33717,25310.75,25855.64,633.59247,185.00902,3.0412436,48.153027,111000,1685.3561,7909
2018-02-07,22:34:59,135780,-31.3488,-159.59389,28342.168,28382.068,247.9405,438.88315,0.2849891,105.44596,111000,1538.941,6608
2018-02-07,22:34:59,135860,-19.949236,-159.59389,28692.703,29182.883,339.13696,168.14354,0.5699782,11.399564,111000,1479.0936,4449
2018-02-07,22:34:59,135830,-105.44596,-202.34227,30371.285,29410.875,310.63806,108.29585,0.0,0.0,100000,669.72437,8547
2018-02-07,22:34:59,134930,-17.099346,-193.7926,28461.86,29074.586,712.4727,208.04205,3.4198687,54.147926,111000,1895.1775,8894
2018-02-07,22:35:00,135780,-35.25384,-179.47409,31872.68,31917.549,278.8258,493.5537,0.32048944,118.5811,111000,1730.6431,7431
2018-02-07,22:35:00,134930,-19.229368,-217.93285,32007.281,32696.334,801.22363,233.95732,3.845873,60.892994,111000,2131.255,10002
2018-02-07,22:35:00,135830,-118.5811,-227.54752,34154.56,33074.51,349.33347,121.78599,0.0,0.0,100000,753.1502,9612
2018-02-07,22:35:00,135860,-22.434261,-179.47409,32266.879,32818.12,381.3824,189.08876,0.6409789,12.819578,111000,1663.3405,5003
2018-02-07,22:35:01,135860,-25.186453,-201.49162,36225.316,36844.184,428.16965,212.2858,0.7196129,14.39226,111000,1867.3958,5617
2018-02-07,22:35:01,135830,-133.1284,-255.4626,38344.574,37132.027,392.18903,136.72646,0.0,0.0,100000,845.54517,10791
2018-02-07,22:35:01,135780,-39.578712,-201.49162,35782.758,35833.13,313.03162,554.1019,0.35980645,133.1284,111000,1942.955,8343
2018-02-07,22:35:01,134930,-21.588388,-244.66843,35933.87,36707.457,899.5162,262.65875,4.3176775,68.36323,111000,2392.7131,11229
2018-02-07,22:35:02,135830,-149.04079,-285.9972,42927.773,41570.293,439.06607,153.06891,0.0,0.0,100000,946.61035,12081
2018-02-07,22:35:02,135780,-44.30942,-225.57523,40059.75,40116.14,350.44724,620.33185,0.4028129,149.04079,111000,2175.1897,9340
2018-02-07,22:35:02,135860,-28.196903,-225.57523,40555.203,41248.043,479.34732,237.6596,0.8056258,16.112518,111000,2090.599,6288
2018-02-07,22:35:02,134930,-24.168776,-273.9128,40228.926,41094.977,1007.0323,294.05347,4.833755,76.534454,111000,2678.706,12571
2018-02-07,22:35:03,135830,-166.27277,-319.06396,47891.047,46376.617,489.83054,170.7666,0.0,0.0,100000,1056.0566,13478
2018-02-07,22:35:03,134930,-26.96315,-305.5824,44880.164,45846.344,1123.4646,328.0517,5.3926296,85.3833,111000,2988.4158,14024
2018-02-07,22:35:03,135780,-49.43244,-251.65605,44691.426,44754.336,390.96567,692.05414,0.4493858,166.27277,111000,2426.6833,10420
2018-02-07,22:35:03,135860,-31.457006,-251.65605,45244.164,46017.11,534.7691,265.13763,0.8987716,17.975435,111000,2332.3125,7015
2018-02-07,22:35:04,135860,-34.95844,-279.6675,50280.227,51139.207,594.29346,294.64972,0.9988125,19.976254,111000,2591.9187,7796
2018-02-07,22:35:04,135780,-54.934692,-279.6675,49665.96,49735.875,434.48346,769.08563,0.49940625,184.78035,111000,2696.794,11580
2018-02-07,22:35:04,135830,-184.78035,-354.5785,53221.73,51538.73,544.35284,189.77438,0.0,0.0,100000,1173.6047,14978
2018-02-07,22:35:04,134930,-29.964378,-339.5963,49875.71,50949.434,1248.5157,364.56665,5.992875,94.88719,111000,3321.052,15585
2018-02-07,22:35:05,134930,-33.165565,-375.87643,55204.086,56392.52,1381.8986,403.51443,6.6331124,105.024284,111000,3675.8503,17250
2018-02-07,22:35:05,135830,-204.52101,-392.4592,58907.574,57044.773,602.50775,210.04857,0.0,0.0,100000,1298.9846,16578
2018-02-07,22:35:05,135780,-60.803535,-309.54526,54971.93,55049.312,480.90067,851.24945,0.55275935,204.52101,111000,2984.901,12817
2018-02-07,22:35:05,135860,-38.693157,-309.54526,55651.82,56602.566,657.7837,326.12808,1.1055187,22.110378,111000,2868.8215,8629
2018-02-07,22:35:06,135830,-225.45364,-432.62723,64936.74,62883.28,664.17413,231.54695,0.0,0.0,100000,1431.9352,18275
2018-02-07,22:35:06,135780,-67.02675,-341.22708,60598.28,60683.586,530.1206,938.37445,0.60933405,225.45364,111000,3290.4043,14129
2018-02-07,22:35:06,134930,-36.560047,-414.34723,60854.2,62164.27,1523.3352,444.81396,7.312009,115.773476,111000,4052.072,19015
2018-02-07,22:35:06,135860,-42.653385,-341.22708,61347.758,62395.812,725.10754,359.50714,1.2186681,24.373365,111000,3162.4443,9512
2018-02-07,22:35:07,135860,-46.831604,-374.65283,67357.234,68507.95,796.13727,394.72357,1.3380458,26.760921,111000,3472.2295,10443
2018-02-07,22:35:07,135830,-247.53853,-475.00632,71297.78,69043.17,729.235,254.22871,0.0,0.0,100000,1572.204,20065
2018-02-07,22:35:07,135780,-73.59252,-374.65283,66534.336,66628.0,582.0499,1030.2953,0.6690229,247.53853,111000,3612.724,15514
2018-02-07,22:35:07,134930,-40.14138,-454.93567,66815.33,68253.73,1672.5574,488.38684,8.0282755,127.11436,111000,4449.003,20878
2018-02-07,22:35:08,135830,-270.73724,-519.52277,77979.64,75513.734,797.57715,278.0544,0.0,0.0,100000,1719.5471,21946
2018-02-07,22:35:08,135780,-80.48944,-409.7644,72769.77,72872.22,636.59827,1126.852,0.7317222,270.73724,111000,3951.3,16968
2018-02-07,22:35:08,135860,-51.22055,-409.7644,73669.79,74928.35,870.7493,431.71613,1.4634444,29.26889,111000,3797.6387,11421
2018-02-07,22:35:08,134930,-43.903336,-497.57117,73077.1,74650.305,1829.3054,534.1573,8.780666,139.0272,111000,4865.9526,22835
2018-02-07,22:35:09,135780,-87.70646,-446.50558,79294.62,79406.25,693.67834,1227.8903,0.79733145,295.01266,111000,4305.59,18490
2018-02-07,22:35:09,134930,-47.839893,-542.1855,79629.5,81343.766,1993.3286,582.05206,9.567978,151.49297,111000,5302.2544,24882
2018-02-07,22:35:09,135860,-55.813198,-446.50558,80275.33,81646.74,948.82434,470.4256,1.5946629,31.893261,111000,4138.151,12445
2018-02-07,22:35:09,135830,-295.01266,-566.10535,84971.62,82284.61,869.09125,302.98593,0.0,0.0,100000,1873.7289,23914
2018-02-07,22:35:10,135780,-95.23291,-484.82205,86099.21,86220.43,753.2057,1333.2605,0.86575377,320.32892,111000,4675.0703,20077
2018-02-07,22:35:10,135830,-320.32892,-614.6852,92263.38,89345.79,943.6715,328.9864,0.0,0.0,100000,2034.5212,25966
2018-02-07,22:35:10,134930,-51.945232,-588.71265,86462.836,88324.2,2164.3843,632.00037,10.389045,164.4932,111000,5757.2627,27017
2018-02-07,22:35:10,135860,-60.602757,-484.82205,87164.086,88653.19,1030.2468,510.79474,1.7315075,34.630154,111000,4493.2627,13513
2018-02-07,22:35:11,135830,-346.65128,-665.1957,99844.94,96687.59,1021.21576,356.02017,0.0,0.0,100000,2201.7039,28100
2018-02-07,22:35:11,135780,-103.05848,-524.6613,93174.234,93305.414,815.0988,1442.8185,0.9368953,346.65128,111000,5059.2344,21727
2018-02-07,22:35:11,135860,-65.582664,-524.6613,94326.62,95938.08,1114.9053,552.76825,1.8737906,37.475815,111000,4862.4873,14623
2018-02-07,22:35:11,134930,-56.213726,-637.0889,93567.74,95582.06,2342.238,683.9337,11.2427435,178.01009,111000,6230.354,29237
2018-02-07,22:35:12,135780,-111.1732,-565.9726,100510.68,100652.19,879.2788,1556.4246,1.0106654,373.94623,111000,5457.5933,23438
2018-02-07,22:35:12,135830,-373.94623,-717.5725,107706.625,104300.67,1101.6252,384.05283,0.0,0.0,100000,2375.0637,30313
2018-02-07,22:35:12,134930,-60.63994,-687.2526,100935.164,103108.09,2526.6633,737.78595,12.127985,192.02641,111000,6720.926,31539
2018-02-07,22:35:12,135860,-70.746574,-565.9726,101753.8,103492.14,1202.6918,596.29266,2.0213308,40.42662,111000,5245.3545,15774
2018-02-07,22:35:13,135780,-119.56743,-608.70685,108099.82,108252.016,945.6695,1673.9437,1.0869765,402.18134,111000,5869.6733,25208
2018-02-07,22:35:13,135830,-402.18134,-771.7534,115839.1,112175.984,1184.8044,413.05106,0.0,0.0,100000,2554.395,32602
2018-02-07,22:35:13,134930,-65.218605,-739.1442,108556.36,110893.36,2717.4412,793.4931,13.043718,206.52553,111000,7228.395,33920
2018-02-07,22:35:13,135860,-76.088356,-608.70685,109436.805,111306.41,1293.5021,641.3162,2.173953,43.479065,111000,5641.4097,16965
2018-02-07,22:35:14,135830,-431.3253,-827.6783,124233.34,120304.78,1270.6609,442.9827,0.0,0.0,100000,2739.4985,34965
2018-02-07,22:35:14,135780,-128.23184,-652.8166,115933.24,116096.47,1014.19714,1795.2456,1.165744,431.3253,111000,6295.0176,27035
2018-02-07,22:35:14,134930,-69.94466,-792.7061,116422.86,118929.21,2914.3599,850.99335,13.988928,221.49135,111000,7752.198,36378
2018-02-07,22:35:14,135860,-81.60207,-652.8166,117367.11,119372.195,1387.2354,687.789,2.331488,46.62976,111000,6050.213,18194
2018-02-07,22:35:15,135830,-461.34778,-885.289,132880.62,128678.625,1359.1055,473.81662,0.0,0.0,100000,2930.182,37399
2018-02-07,22:35:15,135780,-137.15746,-698.25604,124002.8,124177.39,1084.7905,1920.2041,1.2468858,461.34778,111000,6733.1836,28917
2018-02-07,22:35:15,135860,-87.282005,-698.25604,125536.48,127681.125,1483.7942,735.6627,2.4937716,49.875435,111000,6471.3394,19460
2018-02-07,22:35:15,134930,-74.81317,-847.88257,124526.5,127207.305,3117.2146,910.2269,14.96263,236.90831,111000,8291.792,38910
2018-02-07,22:35:16,135830,-492.2195,-944.52936,141772.52,137289.34,1450.0519,505.52274,0.0,0.0,100000,3126.2593,39902
2018-02-07,22:35:16,135860,-93.122604,-744.98083,133936.94,136225.1,1583.0844,784.8906,2.660646,53.21292,111000,6904.3784,20762
2018-02-07,22:35:16,135780,-146.33554,-744.98083,132300.62,132486.89,1157.3809,2048.6973,1.330323,492.2195,111000,7183.744,30853
2018-02-07,22:35:16,134930,-79.8194,-904.6198,132859.36,135719.56,3325.8074,971.13605,15.963876,252.76137,111000,8846.648,41513
2018-02-07,22:35:17,135830,-523.9122,-1005.34503,150900.86,146129.03,1543.4167,538.07196,0.0,0.0,100000,3327.5505,42471
2018-02-07,22:35:17,134930,-84.958755,-962.86584,141413.81,144458.17,3539.947,1033.6649,16.991747,269.03598,111000,9416.26,44186
2018-02-07,22:35:17,135860,-99.118515,-792.9481,142560.78,144996.25,1685.0149,835.4276,2.8319578,56.639156,111000,7348.9326,22098
2018-02-07,22:35:17,135780,-155.75769,-792.9481,140819.11,141017.36,1231.9015,2180.6074,1.4159789,523.9122,111000,7646.286,32840
2018-02-07,22:35:18,135830,-556.39844,-1067.6836,160257.78,155190.06,1639.1195,571.4362,0.0,0.0,100000,3533.882,45105
2018-02-07,22:35:18,135860,-105.264565,-842.1165,151400.56,153987.05,1789.4977,887.23004,3.0075593,60.151184,111000,7804.618,23468
2018-02-07,22:35:18,135780,-165.41577,-842.1165,149550.89,149761.44,1308.2881,2315.8206,1.5037796,556.39844,111000,8120.41,34877
2018-02-07,22:35:18,134930,-90.2268,-1022.5703,150182.47,153415.6,3759.4487,1097.7594,18.045355,285.7181,111000,10000.135,46926
2018-02-07,22:35:19,135830,-589.6518,-1131.4941,169835.66,164465.06,1737.0822,605.5884,0.0,0.0,100000,3745.086,47801
2018-02-07,22:35:19,135780,-175.30191,-892.446,158488.86,158712.0,1386.4785,2454.2266,1.5936537,589.6518,111000,8605.7295,36962
2018-02-07,22:35:19,135860,-111.55575,-892.446,160449.08,163190.14,1896.4478,940.2557,3.1873074,63.746143,111000,8271.064,24870
2018-02-07,22:35:19,134930,-95.61924,-1083.6847,159158.19,162584.53,3984.1338,1163.3674,19.123842,302.7942,111000,10597.797,49730
2018-02-07,22:35:20,135830,-623.6467,-1196.7277,179627.11,173946.89,1837.2294,640.5021,0.0,0.0,100000,3960.9998,50557
2018-02-07,22:35:20,134930,-101.131935,-1146.1619,168334.06,171957.94,4213.829,1230.4386,20.226381,320.25104,111000,11208.787,52597
2018-02-07,22:35:20,135780,-185.40852,-943.89777,167626.14,167862.16,1466.4126,2595.719,1.6855319,623.6467,111000,9101.872,39093
2018-02-07,22:35:20,135860,-117.98722,-943.89777,169699.38,172598.47,2005.7828,994.4638,3.3710637,67.42127,111000,8747.912,26303
2018-02-07,22:35:21,135830,-658.3585,-1263.3368,189625.03,183628.66,1939.4883,676.15204,0.0,0.0,100000,4181.4663,53371
2018-02-07,22:35:21,135780,-195.72824,-996.4345,176956.11,177205.25,1548.0321,2740.195,1.7793474,658.3585,111000,9608.477,41269
2018-02-07,22:35:21,134930,-106.76087,-1209.9565,177703.42,181529.0,4448.368,1298.9241,21.352169,338.07602,111000,11832.661,55524
2018-02-07,22:35:21,135860,-124.55431,-996.4345,179144.73,182205.19,2117.4233,1049.815,3.5586948,71.1739,111000,9234.815,27767
2018-02-07,22:35:22,135780,-206.25397,-1050.02,186472.33,186734.86,1631.281,2887.5552,1.8750358,693.76324,111000,10125.194,43489
2018-02-07,22:35:22,135830,-693.76324,-1331.2756,199822.55,193503.7,2043.7886,712.5137,0.0,0.0,100000,4406.334,56241
2018-02-07,22:35:22,134930,-112.50218,-1275.0247,187259.83,191291.12,4687.5894,1368.7766,22.50043,356.25684,111000,12468.989,58510
2018-02-07,22:35:22,135860,-131.2525,-1050.02,188778.64,192003.69,2231.2925,1106.2711,3.7500715,75.001434,111000,9731.438,29260
2018-02-07,22:35:23,135780,-216.96051,-1104.526,196152.02,196428.17,1715.96,3037.4465,1.9723679,729.7761,111000,10650.788,45747
2018-02-07,22:35:23,134930,-118.34211,-1341.2106,196980.39,201220.95,4930.92,1439.8291,23.668415,374.74994,111000,13116.248,61547
2018-02-07,22:35:23,135830,-729.7761,-1400.3815,210195.23,203548.38,2149.8806,749.4999,0.0,0.0,100000,4635.0645,59161
2018-02-07,22:35:23,135860,-138.06575,-1104.526,198578.05,201970.5,2347.1177,1163.697,3.9447358,78.89472,111000,10236.593,30779
2018-02-07,22:35:24,135780,-228.3741,-1162.6316,206470.94,206761.62,1806.2311,3197.2368,2.0761278,768.1673,111000,11211.092,48154
2018-02-07,22:35:24,135830,-768.1673,-1474.051,221252.94,214256.4,2262.979,788.92865,0.0,0.0,100000,4878.9004,62273
2018-02-07,22:35:24,134930,-124.56771,-1411.7673,207342.89,211806.55,5190.32,1515.5739,24.913534,394.46432,111000,13806.252,64785
2018-02-07,22:35:24,135860,-145.32895,-1162.6316,209024.6,212595.52,2470.592,1224.9154,4.1522555,83.04512,111000,10775.107,32399
2018-02-07,22:35:25,135830,-810.5882,-1555.4534,233471.3,226088.4,2387.9487,832.4961,0.0,0.0,100000,5148.3306,65712
2018-02-07,22:35:25,135780,-240.98572,-1226.8362,217872.98,218179.73,1905.9775,3373.7996,2.190779,810.5882,111000,11830.208,50812
2018-02-07,22:35:25,134930,-131.44678,-1489.7301,218793.1,223503.25,5476.9478,1599.2692,26.289347,416.24805,111000,14568.682,68363
2018-02-07,22:35:25,135860,-153.35452,-1226.8362,220567.67,224335.78,2607.0269,1292.5596,4.381558,87.631165,111000,11370.146,34189
2018-02-07,22:35:26,135780,-255.25282,-1299.4688,230771.73,231096.66,2018.8173,3573.5388,2.3204799,858.5775,111000,12530.593,53819
2018-02-07,22:35:26,135830,-858.5775,-1647.541,247293.52,239473.53,2529.3228,881.7824,0.0,0.0,100000,5453.128,69602
2018-02-07,22:35:26,134930,-139.22884,-1577.9268,231746.31,236735.33,5801.2,1693.9508,27.845757,440.8912,111000,15431.192,72411
2018-02-07,22:35:26,135860,-162.4336,-1299.4688,233625.95,237617.16,2761.3708,1369.0831,4.6409597,92.8192,111000,12043.294,36214
2018-02-07,22:35:27,135860,-172.83699,-1382.6959,248589.02,252835.84,2938.2285,1456.7689,4.9381995,98.764,111000,12814.632,38534
2018-02-07,22:35:27,135830,-913.5669,-1753.0612,263131.94,254811.11,2691.3184,938.258,0.0,0.0,100000,5802.385,74059
2018-02-07,22:35:27,135780,-271.601,-1382.6959,245552.0,245897.72,2148.1167,3802.4136,2.4690998,913.5669,111000,13333.141,57265
2018-02-07,22:35:27,134930,-148.14603,-1678.9884,246588.98,251897.53,6172.75,1802.4434,29.629196,469.129,111000,16419.516,77050
2018-02-07,22:35:28,135860,-184.81635,-1478.5308,265818.75,270359.94,3141.8774,1557.7378,5.280467,105.609344,111000,13702.815,41206
2018-02-07,22:35:28,134930,-158.41405,-1795.3593,263680.1,269356.6,6600.584,1927.371,31.6828,501.64438,111000,17557.555,82391
2018-02-07,22:35:28,135830,-976.88635,-1874.566,281369.66,272472.1,2877.854,1003.28876,0.0,0.0,100000,6204.549,79192
2018-02-07,22:35:28,135780,-290.42572,-1478.5308,262571.25,262940.94,2297.003,4065.9595,2.6402335,976.88635,111000,14257.263,61233
2018-02-07,22:35:29,135830,-1049.7694,-2014.4227,302361.94,292800.56,3092.5635,1078.1416,0.0,0.0,100000,6667.455,85100
2018-02-07,22:35:29,135780,-312.09366,-1588.8403,282161.03,282558.3,2468.3767,4369.3105,2.837215,1049.7694,111000,15320.962,65800
2018-02-07,22:35:29,135860,-198.60504,-1588.8403,285650.8,290530.8,3376.2852,1673.9568,5.67443,113.488594,111000,14725.148,44282
2018-02-07,22:35:29,134930,-170.23293,-1929.3065,283352.62,289452.62,7093.037,2071.1672,34.046577,539.0708,111000,18867.48,88539
2018-02-07,22:35:30,135830,-1133.3582,-2174.8228,326437.75,316115.06,3338.8115,1163.9895,0.0,0.0,100000,7198.357,91876
2018-02-07,22:35:30,135860,-214.41913,-1715.353,308396.0,313664.56,3645.1248,1807.247,6.126261,122.52522,111000,15897.65,47809
2018-02-07,22:35:30,135780,-336.94437,-1715.353,304628.34,305057.25,2664.9233,4717.2207,3.0631306,1133.3582,111000,16540.906,71038
2018-02-07,22:35:30,134930,-183.78786,-2082.9292,305914.8,312500.53,7657.826,2236.0857,36.757565,581.99475,111000,20369.82,95590
2018-02-07,22:35:31,135830,-1228.708,-2357.7913,353901.06,342709.94,3619.7068,1261.9163,0.0,0.0,100000,7803.957,99605
2018-02-07,22:35:31,135780,-365.2916,-1859.6663,330256.8,330721.8,2889.1243,5114.082,3.3208327,1228.708,111000,17932.498,77014
2018-02-07,22:35:31,134930,-199.24998,-2258.1667,331651.53,338791.3,8302.081,2424.2083,39.84999,630.9581,111000,22083.54,103633
2018-02-07,22:35:31,135860,-232.45828,-1859.6663,334341.44,340053.25,3951.7903,1959.2911,6.6416655,132.83331,111000,17235.125,51833
2018-02-07,22:35:32,135830,-1336.7919,-2565.1953,385032.12,372856.56,3938.116,1372.9213,0.0,0.0,100000,8490.436,108366
2018-02-07,22:35:32,135780,-397.42462,-2023.2526,359308.0,359813.9,3143.2673,5563.9443,3.6129513,1336.7919,111000,19509.938,83787
2018-02-07,22:35:32,134930,-216.7771,-2456.8074,360825.4,368593.25,9032.377,2637.4548,43.35541,686.46063,111000,24026.127,112750
2018-02-07,22:35:32,135860,-252.90657,-2023.2526,363751.94,369966.2,4299.411,2131.641,7.2259026,144.51805,111000,18751.22,56394
2018-02-07,22:35:33,135830,-1458.5049,-2798.7527,420088.75,406804.62,4296.676,1497.9238,0.0,0.0,100000,9263.478,118232
2018-02-07,22:35:33,135780,-433.6096,-2207.4668,392022.5,392574.44,3429.4575,6070.5337,3.9419055,1458.5049,111000,21286.29,91415
2018-02-07,22:35:33,135860,-275.93335,-2207.4668,396871.03,403651.1,4690.8667,2325.724,7.883811,157.67622,111000,20458.492,61530
2018-02-07,22:35:33,134930,-236.51434,-2680.496,393678.06,402153.16,9854.763,2877.5913,47.30286,748.9619,111000,26213.672,123016
2018-02-07,22:35:34,134930,-258.5949,-2930.7424,430431.2,439697.5,10774.786,3146.2383,51.71897,818.8837,111000,28660.936,134501
2018-02-07,22:35:34,135830,-1594.6685,-3060.0396,459307.53,444783.2,4697.806,1637.7675,0.0,0.0,100000,10128.3,129269
2018-02-07,22:35:34,135780,-474.09064,-2413.552,428621.03,429224.5,3749.6257,6637.268,4.309915,1594.6685,111000,23273.54,99948
2018-02-07,22:35:34,135860,-301.694,-2413.552,433922.22,441335.25,5128.798,2542.8496,8.61983,172.3966,111000,22368.46,67275
2018-02-07,22:35:35,135860,-330.3307,-2642.6455,475109.97,483226.62,5615.6216,2784.216,9.438021,188.76044,111000,24491.668,73662
2018-02-07,22:35:35,135830,-1746.0338,-3350.4976,502904.84,487001.84,5143.72,1793.2238,0.0,0.0,100000,11089.675,141539
2018-02-07,22:35:35,135780,-519.0911,-2642.6455,469305.6,469966.3,4105.539,7267.2754,4.7190104,1746.0338,111000,25482.656,109434
2018-02-07,22:35:35,134930,-283.14066,-3208.9275,471287.56,481433.44,11797.525,3444.8782,56.628117,896.6119,111000,31381.422,147268
2018-02-07,22:35:36,135860,-361.97305,-2895.7844,520620.72,529514.9,6153.542,3050.916,10.342088,206.84178,111000,26837.723,80719
2018-02-07,22:35:36,135830,-1913.2864,-3671.4414,551078.06,533651.75,5636.437,1964.9966,0.0,0.0,100000,12151.954,155097
2018-02-07,22:35:36,134930,-310.2627,-3516.3105,516432.2,527549.94,12927.609,3774.8628,62.05252,982.4983,111000,34387.445,161375
2018-02-07,22:35:36,135780,-568.8148,-2895.7844,514260.34,514984.34,4498.8086,7963.407,5.171044,1913.2864,111000,27923.639,119916
2018-02-07,22:35:37,135780,-623.44684,-3173.9111,563652.7,564446.2,4930.8984,8728.256,5.667699,2097.0486,111000,30605.574,131433
2018-02-07,22:35:37,135830,-2097.0486,-4024.0664,604006.56,584906.5,6177.791,2153.7253,0.0,0.0,100000,13319.093,169993
2018-02-07,22:35:37,134930,-340.06198,-3854.036,566033.1,578218.7,14169.246,4137.421,68.012375,1076.8627,111000,37690.2,176874
2018-02-07,22:35:37,135860,-396.7389,-3173.9111,570623.94,580372.3,6744.561,3343.9424,11.335398,226.70798,111000,29415.361,88472
2018-02-07,22:35:38,135830,-2297.8843,-4409.4536,661852.6,640923.4,6769.442,2359.989,0.0,0.0,100000,14594.67,186273
2018-02-07,22:35:38,134930,-372.6299,-4223.139,620242.44,633595.06,15526.243,4533.664,74.52596,1179.9945,111000,41299.812,193814
2018-02-07,22:35:38,135780,-683.1547,-3477.8784,617634.06,618503.5,5403.1333,9564.166,6.210498,2297.8843,111000,33536.688,144020
2018-02-07,22:35:38,135860,-434.7348,-3477.8784,625272.94,635954.94,7390.4917,3664.1938,12.420996,248.41994,111000,32232.488,96944
2018-02-07,22:35:39,135780,-748.08936,-3808.4546,676340.9,677293.0,5916.707,10473.251,6.8008127,2516.3008,111000,36724.387,157710
2018-02-07,22:35:39,134930,-408.0488,-4624.553,679197.2,693819.0,17002.031,4964.5938,81.60974,1292.1543,111000,45225.406,212236
2018-02-07,22:35:39,135830,-2516.3008,-4828.577,724762.5,701843.9,7412.8853,2584.3086,0.0,0.0,100000,15981.91,203978
2018-02-07,22:35:39,135860,-476.05682,-3808.4546,684705.8,696403.2,8092.9663,4012.4797,13.601625,272.03253,111000,35296.223,106158
2018-02-07,22:35:40,135780,-818.386,-4166.328,739895.4,740937.0,6472.689,11457.403,7.4398727,2752.753,111000,40175.312,172530
2018-02-07,22:35:40,135830,-2752.753,-5282.3096,792867.1,767794.9,8109.4604,2827.1514,0.0,0.0,100000,17483.701,223145
2018-02-07,22:35:40,134930,-446.3924,-5059.1143,743020.1,759015.9,18599.682,5431.1074,89.27846,1413.5757,111000,49475.156,232179
2018-02-07,22:35:40,135860,-520.791,-4166.328,749046.4,761842.94,8853.447,4389.5254,14.8797455,297.59494,111000,38612.945,116133
2018-02-07,22:35:41,135830,-3007.6458,-5771.428,866283.1,838889.3,8860.361,3088.933,0.0,0.0,100000,19102.615,243807
2018-02-07,22:35:41,135780,-894.1649,-4552.112,808406.44,809544.5,7072.0312,12518.309,8.128773,3007.6458,111000,43895.37,188506
2018-02-07,22:35:41,134930,-487.72638,-5527.566,811820.5,829297.4,20321.93,5934.0044,97.54525,1544.4666,111000,54056.34,253677
2018-02-07,22:35:41,135860,-569.014,-4552.112,818404.75,832386.25,9673.237,4795.976,16.257545,325.15094,111000,42188.336,126885
2018-02-07,22:35:42,135780,-975.5326,-4966.347,881970.25,883211.9,7715.5757,13657.456,8.868479,3281.3372,111000,47889.785,205661
2018-02-07,22:35:42,135830,-3281.3372,-6296.6196,945113.6,915227.0,9666.642,3370.0215,0.0,0.0,100000,20840.926,265994
2018-02-07,22:35:42,134930,-532.10876,-6030.5664,885695.0,904762.25,22171.195,6473.99,106.42172,1685.0107,111000,58975.387,276761
2018-02-07,22:35:42,135860,-620.7934,-4966.347,892878.4,908132.2,10553.488,5232.403,17.736958,354.7392,111000,46027.414,138430
2018-02-07,22:35:43,134930,-579.5904,-6568.692,964728.2,985496.9,24149.598,7051.6836,115.91805,1835.3693,111000,64237.938,301456
2018-02-07,22:35:43,135860,-676.18866,-5409.5093,972552.56,989167.5,11495.207,5699.3057,19.31968,386.39362,111000,50134.58,150781
2018-02-07,22:35:43,135780,-1062.5823,-5409.5093,960671.06,962023.5,8404.06,14876.151,9.65984,3574.1406,111000,52163.133,224014
2018-02-07,22:35:43,135830,-3574.1406,-6858.486,1029448.94,996895.44,10529.225,3670.7385,0.0,0.0,100000,22700.623,289730
2018-02-07,22:35:44,135830,-3886.328,-7457.548,1119367.2,1083970.4,11448.911,3991.3633,0.0,0.0,100000,24683.434,315038
2018-02-07,22:35:44,135860,-735.2511,-5882.009,1057501.2,1075567.5,12499.269,6197.1177,21.007177,420.1436,111000,54513.64,163949
2018-02-07,22:35:44,135780,-1155.3947,-5882.009,1044581.94,1046052.5,9138.121,16175.525,10.503589,3886.328,111000,56719.38,243582
2018-02-07,22:35:44,134930,-630.2154,-7142.4414,1048993.5,1071576.2,26258.97,7667.621,126.043045,1995.6816,111000,69848.875,327786
2018-02-07,22:35:45,135830,-4218.1313,-8094.252,1214935.6,1176516.6,12426.387,4332.1343,0.0,0.0,100000,26790.834,341936
2018-02-07,22:35:45,135780,-1254.039,-6384.1978,1133765.4,1135361.5,9918.308,17556.545,11.400354,4218.1313,111000,61561.918,264380
2018-02-07,22:35:45,135860,-798.0247,-6384.1978,1147787.8,1167396.4,13566.42,6726.21,22.800709,456.01422,111000,59167.86,177945
2018-02-07,22:35:45,134930,-684.02136,-7752.2427,1138553.5,1163064.4,28500.887,8322.261,136.80424,2166.0671,111000,75812.375,355770
2018-02-07,22:35:46,135780,-1358.5732,-6916.372,1228273.9,1230003.0,10745.078,19020.023,12.350666,4569.7466,111000,66693.6,286421
2018-02-07,22:35:46,135860,-864.5465,-6916.372,1243465.1,1264708.2,14697.29,7286.8936,24.701332,494.02667,111000,64099.977,192776
2018-02-07,22:35:46,134930,-741.04004,-8398.454,1233461.1,1260015.1,30876.664,9015.988,148.20798,2346.6262,111000,82131.945,385424
2018-02-07,22:35:46,135830,-4569.7466,-8768.973,1316210.2,1274588.8,13462.226,4693.2524,0.0,0.0,100000,29024.066,370441
2018-02-07,22:35:47,135830,-4941.334,-9482.019,1423237.5,1378231.5,14556.901,5074.883,0.0,0.0,100000,31384.148,400564
2018-02-07,22:35:47,134930,-801.2975,-9081.371,1333759.5,1362472.8,33387.39,9749.12,160.25946,2537.4414,111000,88810.48,416763
2018-02-07,22:35:47,135780,-1469.0452,-7478.7744,1328150.5,1330020.2,11618.811,20566.63,13.354956,4941.334,111000,72116.766,309714
2018-02-07,22:35:47,135860,-934.8468,-7478.7744,1344577.1,1367547.5,15892.3955,7879.425,26.709911,534.19824,111000,69312.24,208449
2018-02-07,22:35:48,135830,-5333.0215,-10233.635,1536054.0,1487480.5,15710.791,5477.1562,0.0,0.0,100000,33871.89,432317
2018-02-07,22:35:48,134930,-864.8144,-9801.229,1439483.4,1470472.6,36033.926,10521.909,172.96283,2738.5781,111000,95850.266,449797
2018-02-07,22:35:48,135780,-1585.4928,-8071.5986,1433429.8,1435447.6,12539.805,22196.896,14.41357,5333.0215,111000,77833.28,334268
2018-02-07,22:35:48,135860,-1008.9498,-8071.5986,1451158.5,1475949.6,17152.146,8504.008,28.82714,576.54285,111000,74806.45,224969
2018-02-07,22:35:49,135830,-5744.906,-11024.008,1654687.9,1602362.9,16924.18,5900.173,0.0,0.0,100000,36487.914,465708
2018-02-07,22:35:49,134930,-931.6065,-10558.205,1550658.8,1584041.4,38816.93,11334.546,186.32124,2950.0864,111000,103253.055,484534
2018-02-07,22:35:49,135860,-1086.8739,-8694.991,1563235.6,1589941.5,18476.855,9160.797,31.053543,621.0709,111000,80583.97,242341
2018-02-07,22:35:49,135780,-1707.945,-8694.991,1544137.6,1546311.4,13508.29,23911.227,15.526772,5744.906,111000,83844.57,360088
2018-02-07,22:35:50,135830,-6177.0557,-11853.269,1779158.8,1722897.6,18197.27,6344.0024,0.0,0.0,100000,39232.65,500742
2018-02-07,22:35:50,135780,-1836.422,-9349.056,1660292.5,1662629.9,14524.426,25709.904,16.694744,6177.0557,111000,90151.625,387179
2018-02-07,22:35:50,135860,-1168.632,-9349.056,1680827.1,1709541.9,19866.742,9849.9,33.38949,667.78986,111000,86645.75,260566
2018-02-07,22:35:50,134930,-1001.6849,-11352.427,1667304.2,1703198.0,41736.86,12187.166,200.33691,3172.0012,111000,111020.07,520980
2018-02-07,22:35:51,135780,-1970.9362,-10033.855,1781905.5,1784414.1,15588.311,27593.102,17.9176,6629.512,111000,96755.05,415543
2018-02-07,22:35:51,135830,-6629.512,-12721.496,1909478.5,1849096.4,19530.182,6808.6875,0.0,0.0,100000,42106.36,537422
2018-02-07,22:35:51,135860,-1254.2319,-10033.855,1803944.2,1834762.4,21321.941,10571.386,35.8352,716.7041,111000,92992.375,279648
2018-02-07,22:35:51,134930,-1075.0563,-12183.969,1789430.9,1827953.8,44794.0,13079.852,215.01118,3404.3438,111000,119152.06,559138
2018-02-07,22:35:52,135860,-1343.6768,-10749.414,1932591.4,1965607.2,22842.502,11325.277,38.390766,767.8154,111000,99624.07,299587
2018-02-07,22:35:52,134930,-1151.7233,-13052.861,1917043.0,1958313.1,47988.457,14012.633,230.34457,3647.1226,111000,127649.31,599011
2018-02-07,22:35:52,135830,-7102.2915,-13628.722,2045651.8,1980963.5,20922.965,7294.245,0.0,0.0,100000,45109.15,575749
2018-02-07,22:35:52,135780,-2111.4922,-10749.414,1908981.0,1911668.5,16699.98,29560.887,19.195383,7102.2915,111000,103655.07,445181
2018-02-07,22:35:53,135830,-7595.3247,-14574.8125,2187658.5,2118479.8,22375.414,7800.6035,0.0,0.0,100000,48240.574,615719
2018-02-07,22:35:53,135780,-2258.0696,-11495.626,2041500.2,2044374.4,17859.273,31612.97,20.527905,7595.3247,111000,110850.69,476089
2018-02-07,22:35:53,134930,-1231.6746,-13958.977,2050122.0,2094257.0,51319.76,14985.374,246.33484,3900.3018,111000,136510.58,640591
2018-02-07,22:35:53,135860,-1436.9532,-11495.626,2066749.8,2102057.5,24428.203,12111.465,41.05581,821.11633,111000,106539.86,320380
2018-02-07,22:35:54,135780,-2411.1748,-12275.07,2179921.2,2182990.2,19070.195,33756.44,21.91977,8110.3145,111000,118366.76,508374
2018-02-07,22:35:54,135830,-8110.3145,-15563.036,2335989.5,2262120.2,23892.547,8329.512,0.0,0.0,100000,51511.457,657469
2018-02-07,22:35:54,135860,-1534.3838,-12275.07,2206882.8,2244584.5,26084.521,12932.665,43.83954,876.7909,111000,113763.64,342100
2018-02-07,22:35:54,134930,-1315.1864,-14905.444,2189127.5,2236255.0,54799.42,16001.436,263.0372,4164.756,111000,145766.48,684023
2018-02-07,22:35:55,135830,-8650.559,-16599.723,2491594.5,2412804.8,25484.078,8884.357,0.0,0.0,100000,54942.74,701266
2018-02-07,22:35:55,135780,-2571.788,-13092.737,2325130.2,2328403.8,20340.5,36005.027,23.379889,8650.559,111000,126251.41,542241
2018-02-07,22:35:55,135860,-1636.5922,-13092.737,2353887.8,2394100.8,27822.064,13794.136,46.759777,935.1957,111000,121341.664,364886
2018-02-07,22:35:55,134930,-1402.7936,-15898.326,2334949.8,2385216.5,58449.723,17067.324,280.55865,4442.1787,111000,155476.28,729586
2018-02-07,22:35:56,135780,-2741.3147,-13955.781,2478397.8,2481887.0,21681.3,38378.4,24.92104,9220.784,111000,134573.62,577986
2018-02-07,22:35:56,135860,-1744.4727,-13955.781,2509050.8,2551914.5,29656.033,14703.414,49.84208,996.8417,111000,129340.234,388938
2018-02-07,22:35:56,135830,-9220.784,-17693.94,2655835.0,2571851.5,27163.932,9469.994,0.0,0.0,100000,58564.44,747493
2018-02-07,22:35:56,134930,-1495.2627,-16946.309,2488864.5,2542444.5,62302.598,18192.363,299.05246,4734.997,111000,165724.94,777678
2018-02-07,22:35:57,135830,-9826.991,-18857.203,2830439.0,2740934.2,28949.785,10092.586,0.0,0.0,100000,62414.68,796636
2018-02-07,22:35:57,135780,-2921.5386,-14873.284,2641336.5,2645055.2,23106.707,40901.53,26.559439,9826.991,111000,143420.98,615985
2018-02-07,22:35:57,134930,-1593.5667,-18060.42,2652491.2,2709594.0,66398.59,19388.395,318.71326,5046.293,111000,176620.28,828806
2018-02-07,22:35:57,135860,-1859.1605,-14873.284,2674004.8,2719686.5,31605.727,15670.069,53.118877,1062.3777,111000,137843.53,414508
2018-02-07,22:35:58,135780,-3114.5796,-15856.039,2815863.2,2819827.8,24633.486,43604.105,28.314358,10476.312,111000,152897.55,656686
2018-02-07,22:35:58,135830,-10476.312,-20103.195,3017460.8,2922042.0,30862.646,10759.455,0.0,0.0,100000,66538.74,849274
2018-02-07,22:35:58,135860,-1982.0049,-15856.039,2850690.0,2899390.2,33694.08,16705.47,56.628716,1132.5745,111000,146951.56,441898
2018-02-07,22:35:58,134930,-1698.8618,-19253.766,2827755.0,2888630.8,70785.89,20669.486,339.77228,5379.7275,111000,188290.5,883571
2018-02-07,22:35:59,135830,-11176.87,-21447.512,3219240.8,3117441.2,32926.453,11478.948,0.0,0.0,100000,70988.24,906065
2018-02-07,22:35:59,135860,-2114.543,-16916.344,3041317.8,3093274.8,35947.227,17822.578,60.41552,1208.3105,111000,156778.33,471451
2018-02-07,22:35:59,135780,-3322.854,-16916.344,3004162.2,3008391.8,26280.746,46519.945,30.20776,11176.87,111000,163121.92,700597
2018-02-07,22:35:59,134930,-1812.4661,-20541.28,3016849.0,3081795.8,75519.4,22051.67,362.4931,5739.474,111000,200881.62,942658
2018-02-07,22:36:00,135780,-3549.0366,-18067.818,3208651.8,3213169.2,28069.645,49686.5,32.263966,11937.666,111000,174225.44,748282
2018-02-07,22:36:00,135830,-11937.666,-22907.418,3438370.5,3329641.5,35167.715,12260.307,0.0,0.0,100000,75820.33,967739
2018-02-07,22:36:00,134930,-1935.8384,-21939.5,3222202.2,3291569.8,80659.914,23552.7,387.16757,6130.1533,111000,214555.39,1006827
2018-02-07,22:36:00,135860,-2258.4773,-18067.818,3248336.5,3303830.2,38394.11,19035.738,64.52793,1290.5587,111000,167450.03,503545
2018-02-07,22:36:01,135860,-2415.653,-19325.225,3474400.0,3533755.8,41066.098,20360.504,69.01866,1380.3734,111000,179103.48,538594
2018-02-07,22:36:01,134930,-2070.5605,-23466.35,3446447.0,3520642.0,86273.33,25191.818,414.11197,6556.773,111000,229487.08,1076900
2018-02-07,22:36:01,135830,-12768.452,-24501.629,3677659.2,3561363.5,37615.164,13113.546,0.0,0.0,100000,81096.94,1035087
2018-02-07,22:36:01,135780,-3796.027,-19325.225,3431953.5,3436785.5,30023.113,53144.367,34.50933,12768.452,111000,186350.42,800354
2018-02-07,22:36:02,134930,-2218.3188,-25140.945,3692390.8,3771880.5,92429.93,26989.547,443.66364,7024.6743,111000,245863.64,1153754
2018-02-07,22:36:02,135780,-4066.9175,-20704.303,3676863.0,3682040.0,32165.61,56936.832,36.97197,13679.629,111000,199648.67,857463
2018-02-07,22:36:02,135830,-13679.629,-26250.104,3940102.8,3815508.0,40299.44,14049.349,0.0,0.0,100000,86884.14,1108951
2018-02-07,22:36:02,135860,-2588.0378,-20704.303,3722338.5,3785930.0,43996.64,21813.46,73.94394,1478.879,111000,191884.6,577035
2018-02-07,22:36:03,135830,-14682.146,-28173.854,4228855.0,4095129.0,43252.8,15078.961,0.0,0.0,100000,93251.484,1190218
2018-02-07,22:36:03,134930,-2380.8892,-26983.41,3962989.0,4048304.2,99203.695,28967.486,476.1777,7539.4805,111000,263881.84,1238312
2018-02-07,22:36:03,135780,-4364.963,-22221.627,3946323.5,3951879.8,34522.88,61109.473,39.681477,14682.146,111000,214280.0,920296
2018-02-07,22:36:03,135860,-2777.7034,-22221.627,3995131.5,4063383.5,47220.953,23412.07,79.36295,1587.2593,111000,205946.94,619331
2018-02-07,22:36:04,135780,-4693.5547,-23894.457,4243400.5,4249375.0,37121.742,65709.76,42.668674,15787.41,111000,230410.88,989568
2018-02-07,22:36:04,134930,-2560.121,-29014.705,4261320.5,4353058.5,106671.69,31148.14,512.0241,8107.0483,111000,283746.72,1331536
2018-02-07,22:36:04,135830,-15787.41,-30294.766,4547200.5,4403408.0,46508.848,16214.097,0.0,0.0,100000,100271.4,1279814
2018-02-07,22:36:04,135860,-2986.8071,-23894.457,4295882.5,4369272.5,50775.72,25174.518,85.33735,1706.7472,111000,221450.5,665962
2018-02-07,22:36:05,134930,-2757.9243,-31256.477,4590564.0,4689390.0,114913.49,33554.746,551.5848,8733.426,111000,305669.9,1434420
2018-02-07,22:36:05,135830,-17007.197,-32635.438,4898532.0,4743629.5,50102.273,17466.852,0.0,0.0,100000,108018.695,1378693
2018-02-07,22:36:05,135780,-5056.194,-25740.621,4571259.5,4577695.5,39989.89,70786.71,45.965397,17007.197,111000,248213.17,1066017
2018-02-07,22:36:05,135860,-3217.5776,-25740.621,4627796.5,4706856.5,54698.816,27119.582,91.93079,1838.6161,111000,238560.48,717426
2018-02-07,22:36:06,134930,-2976.256,-33730.906,4953977.5,5060627.0,124010.66,36211.117,595.25116,9424.81,111000,329868.34,1547981
2018-02-07,22:36:06,135860,-3472.298,-27778.385,4994157.5,5079476.0,59029.062,29266.512,99.20852,1984.1707,111000,257446.19,774231
2018-02-07,22:36:06,135830,-18353.578,-35219.03,5286325.5,5119160.0,54068.633,18849.62,0.0,0.0,100000,116570.02,1487834
2018-02-07,22:36:06,135780,-5456.4688,-27778.385,4933144.5,4940090.0,43155.703,76390.56,49.60426,18353.578,111000,267863.03,1150400
2018-02-07,22:36:07,135780,-5898.033,-30026.35,5332359.0,5339866.5,46648.08,82572.47,53.618484,19838.84,111000,289539.84,1243487
2018-02-07,22:36:07,135830,-19838.84,-38069.13,5714121.0,5533428.0,58444.137,20375.023,0.0,0.0,100000,126003.45,1608233
2018-02-07,22:36:07,135860,-3753.2937,-30026.35,5398309.5,5490532.5,63805.99,31634.904,107.23697,2144.7395,111000,278280.0,836896
2018-02-07,22:36:07,134930,-3217.1096,-36460.58,5354878.0,5470158.0,134046.22,39141.5,643.4218,10187.512,111000,356562.94,1673256
2018-02-07,22:36:08,135830,-21475.43,-41209.613,6185503.0,5989904.0,63265.44,22055.846,0.0,0.0,100000,136398.0,1740899
2018-02-07,22:36:08,135860,-4062.9187,-32503.35,5843639.0,5943469.5,69069.62,34244.6,116.0834,2321.6682,111000,301236.5,905944
2018-02-07,22:36:08,135780,-6384.587,-32503.35,5772248.0,5780374.5,50496.273,89384.22,58.0417,21475.43,111000,313425.2,1346058
2018-02-07,22:36:08,134930,-3482.5024,-39468.363,5796624.5,5921414.5,145104.25,42370.445,696.50037,11027.923,111000,385977.3,1811295
2018-02-07,22:36:09,134930,-3774.4678,-42777.305,6282601.0,6417853.0,157269.47,45922.69,754.89343,11952.4795,111000,418336.8,1963155
2018-02-07,22:36:09,135780,-6919.8564,-35228.36,6256180.5,6264988.5,54729.773,96878.0,62.907787,23275.883,111000,339702.06,1458900
2018-02-07,22:36:09,135830,-23275.883,-44664.535,6704082.0,6492084.5,68569.48,23904.959,0.0,0.0,100000,147833.31,1886848
2018-02-07,22:36:09,135860,-4403.545,-35228.36,6333557.0,6441757.0,74860.266,37115.594,125.815575,2516.3118,111000,326491.5,981904
2018-02-07,22:36:10,135830,-25252.773,-48458.027,7273480.0,7043476.5,74393.29,25935.277,0.0,0.0,100000,160389.23,2047099
2018-02-07,22:36:10,135780,-7507.5806,-38220.41,6787536.5,6797092.5,59378.137,105106.14,68.25073,25252.773,111000,368553.97,1582800
2018-02-07,22:36:10,135860,-4777.5513,-38220.41,6871485.0,6988874.5,81218.37,40267.934,136.50146,2730.0295,111000,354221.4,1065307
2018-02-07,22:36:10,134930,-4095.0447,-46410.508,6816201.0,6962940.5,170626.83,49823.043,819.0088,12967.639,111000,453867.4,2129896
2018-02-07,22:36:11,135780,-8151.4927,-41498.508,7369692.0,7380067.0,64470.9,114120.914,74.10448,27418.66,111000,400164.22,1718546
2018-02-07,22:36:11,134930,-4446.2695,-50391.055,7400815.0,7560140.0,185261.2,54096.28,889.2537,14079.851,111000,492794.84,2312577
2018-02-07,22:36:11,135830,-27418.66,-52614.188,7897314.0,7647583.0,80773.875,28159.701,0.0,0.0,100000,174145.55,2222670
2018-02-07,22:36:11,135860,-5187.3135,-41498.508,7460840.0,7588298.0,88184.33,43721.645,148.20895,2964.1794,111000,384602.38,1156682
2018-02-07,22:36:12,135830,-29786.043,-57157.0,8579184.0,8307890.5,87748.055,30591.066,0.0,0.0,100000,189181.62,2414575
2018-02-07,22:36:12,135860,-5635.1963,-45081.57,8105023.5,8243487.0,95798.336,47496.66,161.00562,3220.1125,111000,417809.72,1256556
2018-02-07,22:36:12,134930,-4830.1694,-54741.918,8039816.0,8212897.5,201257.03,58767.062,966.0336,15295.533,111000,535343.75,2512253
2018-02-07,22:36:12,135780,-8855.309,-45081.57,8006006.0,8017276.5,70037.445,123974.34,80.50281,29786.043,111000,434715.2,1866923
2018-02-07,22:36:13,135860,-6123.545,-48988.36,8807409.0,8957872.0,104100.266,51612.742,174.95844,3499.169,111000,454017.3,1365452
2018-02-07,22:36:13,135830,-32367.316,-62110.254,9322660.0,9027856.0,95352.34,33242.1,0.0,0.0,100000,205576.19,2623820
2018-02-07,22:36:13,135780,-9622.714,-48988.36,8699810.0,8712057.0,76106.92,134718.02,87.47922,32367.316,111000,472387.8,2028707
2018-02-07,22:36:13,134930,-5248.7544,-59485.88,8736550.0,8924631.0,218698.06,63859.844,1049.7506,16621.05,111000,581736.9,2729968
2018-02-07,22:36:14,135780,-10457.352,-53237.42,9454398.0,9467708.0,82708.15,146402.94,95.06683,35174.734,111000,513360.94,2204666
2018-02-07,22:36:14,135830,-35174.734,-67497.46,1.0131272E7,9810898.0,103622.84,36125.395,0.0,0.0,100000,223407.08,2851398
2018-02-07,22:36:14,134930,-5704.011,-64645.457,9494325.0,9698720.0,237667.1,69398.805,1140.802,18062.697,111000,632194.5,2966756
2018-02-07,22:36:14,135860,-6654.6777,-53237.42,9571330.0,9734844.0,113129.52,56089.434,190.13367,3802.6736,111000,493397.03,1483886
2018-02-07,22:36:15,134930,-6197.899,-70242.85,1.0316401E7,1.0538494E7,258245.75,75407.77,1239.5795,19626.674,111000,686933.75,3223635
2018-02-07,22:36:15,135830,-38220.375,-73341.8,1.1008499E7,1.0660385E7,112595.13,39253.348,0.0,0.0,100000,242751.02,3098288
2018-02-07,22:36:15,135860,-7230.88,-57847.04,1.0400073E7,1.0577746E7,122924.96,60945.996,206.59659,4131.932,111000,536118.3,1612369
2018-02-07,22:36:15,135780,-11362.8125,-57847.04,1.0273017E7,1.0287479E7,89869.516,159079.39,103.298294,38220.375,111000,557810.8,2395558
2018-02-07,22:36:16,135780,-12342.625,-62835.176,1.1158857E7,1.1174566E7,97618.945,172796.77,112.20568,41516.11,111000,605910.75,2602128
2018-02-07,22:36:16,135860,-7854.397,-62835.176,1.1296869E7,1.1489863E7,133524.75,66201.36,224.41136,4488.2275,111000,582347.7,1751400
2018-02-07,22:36:16,135830,-41516.11,-79666.05,1.1957759E7,1.1579628E7,122304.19,42638.156,0.0,0.0,100000,263683.38,3365453
2018-02-07,22:36:16,134930,-6732.3423,-76299.875,1.1205982E7,1.1447226E7,280514.22,81910.17,1346.4681,21319.078,111000,746167.9,3501605
2018-02-07,22:36:17,135830,-45073.574,-86492.53,1.2982404E7,1.2571872E7,132784.28,46291.766,0.0,0.0,100000,286278.06,3653836
2018-02-07,22:36:17,135780,-13400.249,-68219.445,1.2115046E7,1.2132101E7,105983.79,187603.5,121.82045,45073.574,111000,657830.5,2825105
2018-02-07,22:36:17,135860,-8527.431,-68219.445,1.2264884E7,1.2474415E7,144966.31,71874.07,243.6409,4872.8184,111000,632248.3,1901469
2018-02-07,22:36:17,134930,-7309.2285,-82837.914,1.2166209E7,1.2428125E7,304551.12,88928.95,1461.8453,23145.883,111000,810106.06,3801648
2018-02-07,22:36:18,135830,-48904.145,-93843.08,1.4085711E7,1.364029E7,144068.94,50225.863,0.0,0.0,100000,310607.34,3964359
2018-02-07,22:36:18,135780,-14539.066,-74017.06,1.3144641E7,1.3163145E7,114990.8,203546.95,132.17334,48904.145,111000,713736.1,3065203
2018-02-07,22:36:18,134930,-7930.402,-89877.875,1.3200152E7,1.3484327E7,330433.34,96486.56,1586.08,25112.932,111000,878952.8,4124724
2018-02-07,22:36:18,135860,-9252.133,-74017.06,1.3307213E7,1.3534551E7,157286.25,77982.27,264.34668,5286.934,111000,685979.8,2063056
2018-02-07,22:36:19,135830,-53018.914,-101738.984,1.5270875E7,1.4787976E7,156190.81,54451.84,0.0,0.0,100000,336741.7,4297922
2018-02-07,22:36:19,135780,-15762.376,-80244.82,1.4250624E7,1.4270685E7,124666.06,220673.28,143.29433,53018.914,111000,773789.5,3323118
2018-02-07,22:36:19,134930,-8597.662,-97440.15,1.4310806E7,1.4618891E7,358235.8,104604.89,1719.5319,27225.92,111000,952907.44,4471768
2018-02-07,22:36:19,135860,-10030.603,-80244.82,1.4426875E7,1.4673341E7,170520.23,84543.664,286.58865,5731.774,111000,743697.8,2236629
2018-02-07,22:36:20,135780,-17073.385,-86919.05,1.5435896E7,1.5457625E7,135034.95,239027.4,155.21259,57428.67,111000,838148.1,3599527
2018-02-07,22:36:20,135830,-57428.67,-110200.95,1.6541005E7,1.6017941E7,169181.72,58980.78,0.0,0.0,100000,364749.62,4655400
2018-02-07,22:36:20,135860,-10864.881,-86919.05,1.5626806E7,1.5893772E7,184702.97,91575.445,310.42517,6208.505,111000,805553.6,2422641
2018-02-07,22:36:20,134930,-9312.758,-105544.57,1.5501083E7,1.5834793E7,388031.47,113305.23,1862.551,29490.39,111000,1032163.94,4843690
2018-02-07,22:36:21,134930,-10077.389,-114210.39,1.6773811E7,1.713492E7,419891.1,122608.234,2015.4772,31911.72,111000,1116910.5,5241372
2018-02-07,22:36:21,135830,-62143.895,-119249.086,1.7899116E7,1.7333106E7,183072.52,63823.44,0.0,0.0,100000,394697.66,5037642
2018-02-07,22:36:21,135780,-18475.207,-94055.6,1.6703272E7,1.6726785E7,146122.1,258652.92,167.95644,62143.895,111000,906964.9,3895086
2018-02-07,22:36:21,135860,-11756.95,-94055.6,1.6909856E7,1.7198742E7,199868.14,99094.31,335.91287,6718.259,111000,871694.2,2621535
2018-02-07,22:36:22,134930,-10893.199,-123456.24,1.8131728E7,1.852207E7,453883.2,132533.92,2178.6392,34495.117,111000,1207329.5,5665671
2018-02-07,22:36:22,135830,-67174.72,-128902.836,1.934813E7,1.87363E7,197893.06,68990.234,0.0,0.0,100000,426650.22,5445470
2018-02-07,22:36:22,135860,-12708.729,-101669.83,1.8278786E7,1.8591058E7,216048.38,107116.445,363.10654,7262.1323,111000,942261.75,2833738
2018-02-07,22:36:22,135780,-19970.86,-101669.83,1.8055478E7,1.8080894E7,157951.34,279592.03,181.55327,67174.72,111000,980387.75,4210431
2018-02-07,22:36:23,135780,-21563.234,-109776.46,1.9495128E7,1.9522572E7,170545.58,301885.28,196.0294,72530.88,111000,1058558.9,4546173
2018-02-07,22:36:23,135830,-72530.88,-139180.89,2.089085E7,2.0230236E7,213672.05,74491.164,0.0,0.0,100000,460669.12,5879674
2018-02-07,22:36:23,134930,-11761.768,-133300.02,1.957746E7,1.9998924E7,490073.5,143101.5,2352.3528,37245.582,111000,1303595.8,6117407
2018-02-07,22:36:23,135860,-13722.058,-109776.46,1.9736242E7,2.0073414E7,233274.97,115657.36,392.0588,7841.1777,111000,1017392.9,3059661
2018-02-07,22:36:24,135830,-78223.5,-150104.56,2.2530478E7,2.1818016E7,230442.19,80337.64,0.0,0.0,100000,496824.94,6341154
2018-02-07,22:36:24,134930,-12684.895,-143762.12,2.1114006E7,2.1568548E7,528537.1,154332.89,2536.9783,40168.82,111000,1405909.0,6597517
2018-02-07,22:36:24,135780,-23255.635,-118392.31,2.1025212E7,2.105481E7,183930.92,325578.88,211.41486,78223.5,111000,1141640.4,4903008
2018-02-07,22:36:24,135860,-14799.039,-118392.31,2.128525E7,2.1648884E7,251583.66,124734.78,422.8297,8456.596,111000,1097243.4,3299773
2018-02-07,22:36:25,135830,-84266.61,-161700.8,2.4271056E7,2.3503554E7,248244.86,86544.08,0.0,0.0,100000,535206.9,6831049
2018-02-07,22:36:25,135780,-25052.234,-127538.64,2.2649502E7,2.2681386E7,198140.39,350731.28,227.74759,84266.61,111000,1229837.1,5281816
2018-02-07,22:36:25,134930,-13664.858,-154868.38,2.2745156E7,2.3234812E7,569368.94,166255.78,2732.971,43272.04,111000,1514521.6,7107186
2018-02-07,22:36:25,135860,-15942.33,-127538.64,2.292963E7,2.3321356E7,271019.6,134371.1,455.49518,9109.905,111000,1182010.2,3554667
2018-02-07,22:36:26,135830,-90678.51,-174004.7,2.6117856E7,2.5291954E7,267133.97,93129.266,0.0,0.0,100000,575931.06,7350841
2018-02-07,22:36:26,135780,-26958.475,-137243.14,2.4372916E7,2.4407226E7,213217.02,377418.62,245.07704,90678.51,111000,1323416.1,5683742
2018-02-07,22:36:26,134930,-14704.626,-166652.4,2.4475848E7,2.5002762E7,612692.56,178906.28,2940.9243,46564.633,111000,1629762.5,7647958
2018-02-07,22:36:26,135860,-17155.393,-137243.14,2.467436E7,2.5095892E7,291641.62,144595.47,490.15408,9803.083,111000,1271950.1,3825117
2018-02-07,22:36:27,135830,-97482.88,-187061.75,2.80777E7,2.7189824E7,287179.28,100117.55,0.0,0.0,100000,619148.06,7902449
2018-02-07,22:36:27,135780,-28981.396,-147541.66,2.6201822E7,2.6238708E7,229216.48,405739.53,263.46725,97482.88,111000,1422723.2,6110269
2018-02-07,22:36:27,134930,-15808.038,-179157.75,2.6312478E7,2.687893E7,658668.06,192331.12,3161.6067,50058.773,111000,1752057.4,8221833
2018-02-07,22:36:27,135860,-18442.707,-147541.66,2.6525886E7,2.6979048E7,313525.97,155445.69,526.9345,10538.691,111000,1367395.4,4112122
2018-02-07,22:36:28,135830,-104709.766,-200929.55,3.0159238E7,2.9205538E7,308469.28,107539.75,0.0,0.0,100000,665048.56,8488309
2018-02-07,22:36:28,135780,-31129.93,-158479.64,2.8144292E7,2.8183912E7,246209.42,435819.0,282.99936,104709.766,111000,1528196.8,6563280
2018-02-07,22:36:28,134930,-16979.965,-192439.6,2.826315E7,2.8871596E7,707498.4,206589.58,3395.9922,53769.875,111000,1881946.0,8831343
2018-02-07,22:36:28,135860,-19809.955,-158479.64,2.849238E7,2.8979136E7,336769.2,166969.64,565.9987,11319.977,111000,1468767.1,4416950
2018-02-07,22:36:29,135830,-112396.31,-215679.4,3.237317E7,3.1349462E7,331113.44,115434.04,0.0,0.0,100000,713868.5,9111431
2018-02-07,22:36:29,134930,-18226.432,-206566.22,3.0337894E7,3.0991006E7,759434.5,221754.92,3645.2856,57717.02,111000,2020096.1,9479623
2018-02-07,22:36:29,135780,-33415.12,-170113.33,3.0210312E7,3.025284E7,264283.2,467811.66,303.7738,112396.31,111000,1640378.8,7045101
2018-02-07,22:36:29,135860,-21264.166,-170113.33,3.0583952E7,3.110644E7,361490.78,179226.56,607.5476,12150.955,111000,1576586.5,4741170
2018-02-07,22:36:30,135780,-35850.32,-182510.7,3.2411954E7,3.2457582E7,283543.4,501904.44,325.912,120587.44,111000,1759924.9,7558547
2018-02-07,22:36:30,135830,-120587.44,-231397.52,3.4732436E7,3.363412E7,355244.03,123846.55,0.0,0.0,100000,765893.2,9775456
2018-02-07,22:36:30,134930,-19554.723,-221620.17,3.2548832E7,3.3249542E7,814779.94,237915.8,3910.9436,61923.273,111000,2167315.0,10170463
2018-02-07,22:36:30,135860,-22813.838,-182510.7,3.2812824E7,3.3373388E7,387835.2,192288.08,651.824,13036.482,111000,1691483.6,5086676
2018-02-07,22:36:31,135780,-38451.336,-195752.23,3.4763508E7,3.4812448E7,304115.06,538318.6,349.5576,129336.31,111000,1887611.1,8106950
2018-02-07,22:36:31,135830,-129336.31,-248185.89,3.7252348E7,3.6074344E7,381017.72,132831.88,0.0,0.0,100000,821460.4,10484695
2018-02-07,22:36:31,134930,-20973.459,-237699.19,3.491032E7,3.5661864E7,873893.94,255177.1,4194.691,66415.94,111000,2324558.2,10908348
2018-02-07,22:36:31,135860,-24469.03,-195752.23,3.5193464E7,3.5794696E7,415973.44,206238.98,699.1152,13982.307,111000,1814204.4,5455715
2018-02-07,22:36:32,135830,-138704.73,-266163.12,3.9950704E7,3.8687376E7,408616.56,142453.5,0.0,0.0,100000,880962.5,11244157
2018-02-07,22:36:32,135780,-41236.543,-209931.47,3.7281588E7,3.7334072E7,326143.5,577311.5,374.87762,138704.73,111000,2024339.4,8694182
2018-02-07,22:36:32,135860,-26241.434,-209931.47,3.7742688E7,3.8387468E7,446104.3,221177.81,749.75525,14995.108,111000,1945615.5,5850893
2018-02-07,22:36:32,134930,-22492.662,-254916.83,3.7439032E7,3.8245016E7,937194.06,273660.75,4498.5317,71226.75,111000,2492936.5,11698491
2018-02-07,22:36:33,135830,-148763.39,-285464.88,4.2847868E7,4.1492924E7,438248.8,152784.02,0.0,0.0,100000,944848.56,12059570
2018-02-07,22:36:33,135780,-44226.953,-225155.38,3.9985192E7,4.0041484E7,349794.94,619177.25,402.06317,148763.39,111000,2171141.5,9324672
2018-02-07,22:36:33,134930,-24123.797,-273403.0,4.0154052E7,4.1018488E7,1005157.94,293506.22,4824.7583,76392.01,111000,2673720.5,12546854
2018-02-07,22:36:33,135860,-2