2018-02-07,22:31:03,338150,-1.9,-5.5,1010.6,1016.6,5.3,2.5,0.22,3.1,111000,91.5,232
2018-02-07,22:31:03,337450,-3.7,-7.2,1020.1,1023.7,9.8,24.8,0.0,6.7,101000,96.0,340
2018-02-07,22:31:03,338830,-2.2,-5.0,1014.1,1036.2,12.7,15.0,0.0,2.8,101000,52.9,305
2018-02-07,22:31:04,337450,-3.7,-7.2,1020.1,1023.7,9.8,24.8,0.0,6.7,101000,96.0,340
2018-02-07,22:31:04,338150,-1.9,-5.5,1010.6,1016.6,5.3,2.5,0.22,3.1,111000,91.5,232
2018-02-07,22:31:04,338830,-2.2,-5.0,1014.1,1036.2,12.7,15.0,0.0,2.8,101000,52.9,305
2018-02-07,22:31:05,338150,-2.85,-8.25,1515.8999,1524.8999,7.9500003,3.75,0.32999998,4.6499996,111000,137.25,348
2018-02-07,22:31:05,338830,-3.3000002,-7.5,1521.1499,1554.2999,19.05,22.5,0.0,4.2,101000,79.350006,458
2018-02-07,22:31:05,337450,-5.55,-10.799999,1530.1499,1535.55,14.700001,37.199997,0.0,10.049999,101000,144.0,510
2018-02-07,22:31:06,337450,-7.4,-14.4,2040.2,2047.4,19.6,49.6,0.0,13.4,101000,192.0,680
2018-02-07,22:31:06,338830,-4.4,-10.0,2028.2,2072.4,25.4,30.0,0.0,5.6,101000,105.8,611
2018-02-07,22:31:06,338150,-3.8,-11.0,2021.2,2033.2,10.6,5.0,0.44,6.2,111000,183.0,464
2018-02-07,22:31:07,338830,-5.5,-12.5,2535.25,2590.5,31.75,37.5,0.0,7.0,101000,132.25,764
2018-02-07,22:31:07,338150,-4.75,-13.75,2526.5,2541.5,13.25,6.25,0.55,7.75,111000,228.75,580
2018-02-07,22:31:07,337450,-9.25,-18.0,2550.25,2559.25,24.5,62.0,0.0,16.75,101000,240.0,850
2018-02-07,22:31:08,338150,-5.7,-16.5,3031.8,3049.8,15.9,7.5,0.66,9.3,111000,274.5,696
2018-02-07,22:31:08,337450,-11.1,-21.6,3060.3,3071.1,29.4,74.4,0.0,20.1,101000,288.0,1020
2018-02-07,22:31:08,338830,-6.6,-15.0,3042.3,3108.6,38.1,45.0,0.0,8.4,101000,158.7,917
2018-02-07,22:31:09,337450,-12.950001,-25.2,3570.35,3582.9502,34.3,86.8,0.0,23.45,101000,336.0,1190
2018-02-07,22:31:09,338830,-7.7,-17.5,3549.35,3626.7,44.449997,52.5,0.0,9.799999,101000,185.15,1070
2018-02-07,22:31:09,338150,-6.6499996,-19.25,3537.1,3558.1,18.55,8.75,0.77000004,10.85,111000,320.25,812
2018-02-07,22:31:10,337450,-14.800001,-28.800001,4080.4001,4094.8003,39.2,99.200005,0.0,26.800001,101000,384.0,1360
2018-02-07,22:31:10,338830,-8.8,-20.0,4056.4001,4144.8,50.799995,60.0,0.0,11.199999,101000,211.59999,1223
2018-02-07,22:31:10,338150,-7.5999994,-22.0,4042.4001,4066.4001,21.199999,10.0,0.88000005,12.400001,111000,366.0,928
2018-02-07,22:31:11,338150,-8.549999,-24.75,4547.7,4574.7,23.849998,11.25,0.99000007,13.950001,111000,411.75,1044
2018-02-07,22:31:11,338830,-9.900001,-22.5,4563.45,4662.9,57.149994,67.5,0.0,12.599998,101000,238.04999,1376
2018-02-07,22:31:11,337450,-16.650002,-32.4,4590.45,4606.6504,44.100002,111.600006,0.0,30.150002,101000,432.0,1530
2018-02-07,22:31:12,337450,-18.500002,-36.0,5100.5,5118.5005,49.000004,124.00001,0.0,33.5,101000,480.0,1700
2018-02-07,22:31:12,338150,-9.499999,-27.5,5053.0,5083.0,26.499998,12.5,1.1,15.500001,111000,457.5,1160
2018-02-07,22:31:12,338830,-11.000001,-25.0,5070.5,5181.0,63.499992,75.0,0.0,13.999998,101000,264.5,1529
2018-02-07,22:31:13,337450,-20.350002,-39.6,5610.55,5630.3506,53.9,136.40001,0.0,36.85,101000,528.0,1870
2018-02-07,22:31:13,338830,-12.1,-27.5,5577.55,5699.1,69.84999,82.5,0.0,15.399998,101000,290.95,1682
2018-02-07,22:31:13,338150,-10.449999,-30.25,5558.3,5591.3,29.149998,13.75,1.21,17.050001,111000,503.25,1276
2018-02-07,22:31:14,338150,-11.399999,-33.0,6063.5996,6099.5996,31.799997,15.0,1.32,18.6,111000,549.0,1392
2018-02-07,22:31:14,338830,-13.200001,-30.0,6084.5996,6217.2,76.19999,90.0,0.0,16.799997,101000,317.40002,1835
2018-02-07,22:31:14,337450,-22.200003,-43.199997,6120.5996,6142.2007,58.800003,148.8,0.0,40.199997,101000,576.0,2040
2018-02-07,22:31:15,338150,-12.349998,-35.75,6568.8994,6607.8994,34.449997,16.25,1.4300001,20.15,111000,594.75,1508
2018-02-07,22:31:15,338830,-14.300001,-32.5,6591.6494,6735.3003,82.54999,97.5,0.0,18.199997,101000,343.85004,1988
2018-02-07,22:31:15,337450,-24.050003,-46.799995,6630.6494,6654.051,63.700005,161.2,0.0,43.549995,101000,624.0,2210
2018-02-07,22:31:16,338830,-15.400002,-35.0,7098.699,7253.4004,88.89999,105.0,0.0,19.599997,101000,370.30005,2141
2018-02-07,22:31:16,337450,-25.900003,-50.399994,7140.699,7165.901,68.600006,173.59999,0.0,46.899994,101000,672.0,2380
2018-02-07,22:31:16,338150,-13.299998,-38.5,7074.199,7116.199,37.1,17.5,1.5400001,21.699999,111000,640.5,1624
2018-02-07,22:31:17,338150,-14.249998,-41.25,7579.499,7624.499,39.75,18.75,1.6500001,23.249998,111000,686.25,1740
2018-02-07,22:31:17,338830,-16.500002,-37.5,7605.749,7771.5005,95.249985,112.5,0.0,20.999996,101000,396.75006,2294
2018-02-07,22:31:17,337450,-27.750004,-53.999992,7650.749,7677.751,73.50001,185.99998,0.0,50.249992,101000,720.0,2550
2018-02-07,22:31:18,338150,-15.199998,-44.0,8084.799,8132.799,42.4,20.0,1.7600001,24.799997,111000,732.0,1856
2018-02-07,22:31:18,337450,-29.600004,-57.59999,8160.799,8189.601,78.40001,198.39998,0.0,53.59999,101000,768.0,2720
2018-02-07,22:31:18,338830,-17.600002,-40.0,8112.799,8289.601,101.59998,120.0,0.0,22.399996,101000,423.20007,2447
2018-02-07,22:31:19,337450,-31.450005,-61.19999,8670.849,8701.451,83.30001,210.79997,0.0,56.94999,101000,816.0,2890
2018-02-07,22:31:19,338150,-16.149998,-46.75,8590.099,8641.099,45.050003,21.25,1.8700001,26.349997,111000,777.75,1972
2018-02-07,22:31:19,338830,-18.700003,-42.5,8619.849,8807.7,107.94998,127.5,0.0,23.799995,101000,449.6501,2600
2018-02-07,22:31:20,337450,-33.300003,-64.79999,9180.898,9213.301,88.20001,223.19997,0.0,60.299988,101000,864.0,3060
2018-02-07,22:31:20,338150,-17.099998,-49.5,9095.398,9149.398,47.700005,22.5,1.9800001,27.899996,111000,823.5,2088
2018-02-07,22:31:20,338830,-19.800003,-45.0,9126.898,9325.8,114.29998,135.0,0.0,25.199995,101000,476.1001,2753
2018-02-07,22:31:21,337450,-35.15,-68.39999,9690.948,9725.15,93.10001,235.59998,0.0,63.649986,101000,912.0,3230
2018-02-07,22:31:21,338150,-18.05,-52.25,9600.698,9657.698,50.350006,23.75,2.0900002,29.449997,111000,869.25,2204
2018-02-07,22:31:21,338830,-20.900003,-47.5,9633.948,9843.899,120.64998,142.5,0.0,26.599995,101000,502.5501,2906
2018-02-07,22:31:22,338150,-19.0,-55.0,10105.998,10165.998,53.000008,25.0,2.2,30.999996,111000,915.0,2320
2018-02-07,22:31:22,338830,-22.000004,-50.0,10140.998,10361.999,126.99998,150.0,0.0,27.999994,101000,529.0001,3059
2018-02-07,22:31:22,337450,-37.0,-71.999985,10200.998,10237.0,98.000015,247.99997,0.0,66.999985,101000,960.0,3400
2018-02-07,22:31:23,338150,-19.95,-57.75,10611.298,10674.298,55.65001,26.25,2.31,32.549995,111000,960.75,2436
2018-02-07,22:31:23,337450,-38.85,-75.59998,10711.048,10748.85,102.90002,260.39996,0.0,70.34998,101000,1008.0,3570
2018-02-07,22:31:23,338830,-23.100004,-52.5,10648.048,10880.099,133.34998,157.5,0.0,29.399994,101000,555.45013,3212
2018-02-07,22:31:24,338830,-24.200005,-55.0,11155.098,11398.198,139.69998,165.0,0.0,30.799994,101000,581.90015,3365
2018-02-07,22:31:24,338150,-20.900002,-60.5,11116.598,11182.598,58.30001,27.5,2.4199998,34.099995,111000,1006.5,2552
2018-02-07,22:31:24,337450,-40.699997,-79.19998,11221.098,11260.699,107.80002,272.79996,0.0,73.69998,101000,1056.0,3740
2018-02-07,22:31:25,338830,-25.300005,-57.5,11662.147,11916.298,146.04999,172.5,0.0,32.199993,101000,608.35016,3518
2018-02-07,22:31:25,338150,-21.850002,-63.25,11621.897,11690.897,60.950012,28.75,2.5299997,35.649994,111000,1052.25,2668
2018-02-07,22:31:25,337450,-42.549995,-82.79998,11731.147,11772.549,112.70002,285.19995,0.0,77.04998,101000,1104.0,3910
2018-02-07,22:31:26,337450,-44.399994,-86.39998,12241.197,12284.398,117.60002,297.59995,0.0,80.39998,101000,1152.0,4080
2018-02-07,22:31:26,338150,-22.800003,-66.0,12127.197,12199.197,63.600014,30.0,2.6399996,37.199993,111000,1098.0,2784
2018-02-07,22:31:26,338830,-26.400005,-60.0,12169.197,12434.397,152.4,180.0,0.0,33.599995,101000,634.8002,3671
2018-02-07,22:31:27,337450,-46.249992,-89.99998,12751.247,12796.248,122.50002,309.99994,0.0,83.74998,101000,1200.0,4250
2018-02-07,22:31:27,338150,-23.750004,-68.75,12632.497,12707.497,66.250015,31.25,2.7499995,38.749992,111000,1143.75,2900
2018-02-07,22:31:27,338830,-27.500006,-62.5,12676.247,12952.497,158.75,187.5,0.0,34.999996,101000,661.2502,3824
2018-02-07,22:31:28,338150,-24.700005,-71.5,13137.797,13215.797,68.90002,32.5,2.8599997,40.29999,111000,1189.5,3016
2018-02-07,22:31:28,338830,-28.600006,-65.0,13183.297,13470.598,165.1,195.0,0.0,36.399998,101000,687.7002,3977
2018-02-07,22:31:28,337450,-48.09999,-93.599976,13261.297,13308.098,127.400024,322.39993,0.0,87.099976,101000,1248.0,4420
2018-02-07,22:31:29,338150,-25.650005,-74.25,13643.097,13724.097,71.55002,33.75,2.9699998,41.84999,111000,1235.25,3132
2018-02-07,22:31:29,337450,-49.94999,-97.199974,13771.347,13819.947,132.30002,334.79993,0.0,90.449974,101000,1296.0,4590
2018-02-07,22:31:29,338830,-29.700006,-67.5,13690.347,13988.697,171.45001,202.5,0.0,37.8,101000,714.1502,4130
2018-02-07,22:31:30,338150,-26.600004,-77.0,14148.396,14232.396,74.20002,35.0,3.0799997,43.39999,111000,1281.0,3248
2018-02-07,22:31:30,337450,-51.79999,-100.79997,14281.396,14331.798,137.20001,347.19992,0.0,93.79997,101000,1344.0,4760
2018-02-07,22:31:30,338830,-30.800007,-70.0,14197.396,14506.797,177.80002,210.0,0.0,39.2,101000,740.6002,4283
2018-02-07,22:31:31,338150,-27.550003,-79.75,14653.696,14740.696,76.85002,36.25,3.1899996,44.94999,111000,1326.75,3364
2018-02-07,22:31:31,338830,-31.900007,-72.5,14704.446,15024.896,184.15002,217.5,0.0,40.600002,101000,767.05023,4436
2018-02-07,22:31:31,337450,-53.649994,-104.39997,14791.446,14843.648,142.1,359.5999,0.0,97.14997,101000,1392.0,4930
2018-02-07,22:31:32,338150,-28.500004,-82.5,15158.996,15248.996,79.50002,37.5,3.2999997,46.49999,111000,1372.5,3480
2018-02-07,22:31:32,338830,-33.000008,-75.0,15211.496,15542.996,190.50003,225.0,0.0,42.000004,101000,793.50024,4589
2018-02-07,22:31:32,337450,-55.499992,-107.99997,15301.496,15355.498,147.0,371.9999,0.0,100.49997,101000,1440.0,5100
2018-02-07,22:31:33,337450,-57.34999,-111.59997,15811.546,15867.348,151.9,384.3999,0.0,103.84997,101000,1488.0,5270
2018-02-07,22:31:33,338830,-34.100006,-77.5,15718.546,16061.096,196.85004,232.5,0.0,43.400005,101000,819.95026,4742
2018-02-07,22:31:33,338150,-29.450005,-85.25,15664.296,15757.296,82.150024,38.75,3.4099996,48.049988,111000,1418.25,3596
2018-02-07,22:31:34,337450,-59.138325,-115.07997,16304.595,16362.136,156.63666,396.38657,0.0,107.0883,101000,1534.4,5435
2018-02-07,22:31:34,338830,-35.163338,-79.916664,16208.694,16561.926,202.98837,239.75,0.0,44.753338,101000,845.51855,4889
2018-02-07,22:31:34,338150,-30.368338,-87.90833,16152.753,16248.652,84.71169,39.958332,3.5163329,49.54832,111000,1462.475,3709
2018-02-07,22:31:35,337450,-62.71705,-122.04397,17291.258,17352.281,166.11543,420.3737,0.0,113.568695,101000,1627.2534,5764
2018-02-07,22:31:35,338830,-37.291225,-84.75278,17189.555,17564.162,215.2721,254.25833,0.0,47.46156,101000,896.68463,5185
2018-02-07,22:31:35,338150,-32.20606,-93.22806,17130.229,17231.93,89.83797,42.37639,3.7291217,52.54671,111000,1550.9758,3934
2018-02-07,22:31:36,338830,-40.448185,-91.92769,18644.77,19051.09,233.49635,275.78305,0.0,51.479507,101000,972.59515,5624
2018-02-07,22:31:36,337450,-68.02648,-132.37584,18755.082,18821.271,180.17825,455.96124,0.0,123.183075,101000,1765.0116,6252
2018-02-07,22:31:36,338150,-34.93252,-101.12045,18580.422,18690.732,97.44337,45.963844,4.0448174,56.995155,111000,1682.2766,4267
2018-02-07,22:31:37,338830,-44.59991,-101.363434,20558.527,21006.553,257.46313,304.09027,0.0,56.763523,101000,1072.4253,6201
2018-02-07,22:31:37,338150,-38.518105,-111.49977,20487.574,20609.207,107.44525,50.681717,4.45999,62.845318,111000,1854.9507,4705
2018-02-07,22:31:37,337450,-75.008934,-145.96332,20680.162,20753.146,198.67232,502.76254,0.0,135.82697,101000,1946.1779,6894
2018-02-07,22:31:38,337450,-83.608635,-162.69788,23051.123,23132.475,221.4499,560.4038,0.0,151.3994,101000,2169.3052,7685
2018-02-07,22:31:38,338150,-42.934166,-124.28311,22836.455,22972.033,119.76374,56.492325,4.971324,70.050476,111000,2067.619,5245
2018-02-07,22:31:38,338830,-49.713245,-112.98465,22915.543,23414.934,286.98102,338.95392,0.0,63.271404,101000,1195.3778,6912
2018-02-07,22:31:39,338150,-48.153027,-139.39034,25612.34,25764.398,134.32161,63.359245,5.575613,78.56546,111000,2318.9482,5883
2018-02-07,22:31:39,338830,-55.756138,-126.71849,25701.041,26261.137,321.865,380.15546,0.0,70.96236,101000,1340.6819,7752
2018-02-07,22:31:39,337450,-93.77168,-182.47461,25853.102,25944.342,248.36824,628.5237,0.0,169.80275,101000,2432.995,8619
2018-02-07,22:31:40,338830,-62.6976,-142.49454,28900.74,29530.566,361.93616,427.4836,0.0,79.79694,101000,1507.5925,8717
2018-02-07,22:31:40,338150,-54.147926,-156.74399,28800.996,28971.984,151.04422,71.24727,6.269759,88.34661,111000,2607.65,6615
2018-02-07,22:31:40,337450,-105.44596,-205.19212,29071.732,29174.33,279.2893,706.7729,0.0,190.94266,101000,2735.8953,9692
2018-02-07,22:31:41,337450,-118.5811,-230.75238,32693.125,32808.504,314.07965,794.8138,0.0,214.7279,101000,3076.6987,10899
2018-02-07,22:31:41,338830,-70.50768,-160.24472,32500.832,33209.113,407.0216,480.73416,0.0,89.737045,101000,1695.3894,9803
2018-02-07,22:31:41,338150,-60.892994,-176.2692,32388.664,32580.951,169.8594,80.12236,7.0507674,99.35172,111000,2932.4783,7439
2018-02-07,22:31:42,338830,-79.157425,-179.90323,36487.973,37283.145,456.95422,539.7097,0.0,100.74581,101000,1903.3765,11006
2018-02-07,22:31:42,338150,-68.36323,-197.89355,36362.043,36577.918,190.69742,89.951614,7.915742,111.54,111000,3292.229,8352
2018-02-07,22:31:42,337450,-133.1284,-259.06064,36703.855,36833.387,352.61032,892.32,0.0,241.07031,101000,3454.142,12236
2018-02-07,22:31:43,338150,-76.534454,-221.5471,40708.273,40949.953,213.49083,100.703224,8.861884,124.872,111000,3685.738,9350
2018-02-07,22:31:43,338830,-88.61884,-201.40645,40849.258,41739.473,511.57242,604.21936,0.0,112.78761,101000,2130.8806,12322
2018-02-07,22:31:43,337450,-149.04079,-290.02527,41090.945,41235.957,394.75665,998.976,0.0,269.88464,101000,3867.004,13699
2018-02-07,22:31:44,338150,-85.3833,-247.1622,45414.93,45684.555,238.17447,112.34645,9.886488,139.3096,111000,4111.88,10431
2018-02-07,22:31:44,337450,-166.27277,-323.55774,45841.848,46003.625,440.3981,1114.4768,0.0,301.0885,101000,4314.1035,15283
2018-02-07,22:31:44,338830,-98.86488,-224.6929,45572.215,46565.355,570.72,674.07874,0.0,125.828026,101000,2377.2512,13747
2018-02-07,22:31:45,337450,-184.78035,-359.57248,50944.438,51124.223,489.41818,1238.5276,0.0,334.6022,101000,4794.3,16984
2018-02-07,22:31:45,338150,-94.88719,-274.67346,50470.0,50769.637,264.6853,124.85157,10.986938,154.81595,111000,4569.5674,11592
2018-02-07,22:31:45,338830,-109.869385,-249.70314,50644.79,51748.477,634.246,749.10944,0.0,139.83376,101000,2641.8596,15277
2018-02-07,22:31:46,337450,-204.52101,-397.98672,56386.99,56585.984,541.7042,1370.8433,0.0,370.3488,101000,5306.4897,18798
2018-02-07,22:31:46,338150,-105.024284,-304.01767,55861.867,56193.516,292.96246,138.18985,12.160707,171.35541,111000,5057.7485,12830
2018-02-07,22:31:46,338830,-121.60707,-276.3797,56055.33,57276.93,702.0044,829.1391,0.0,154.77263,101000,2924.0977,16909
2018-02-07,22:31:47,338830,-134.0535,-304.66705,61792.566,63139.2,773.85425,914.0011,0.0,170.61354,101000,3223.378,18640
2018-02-07,22:31:47,337450,-225.45364,-438.7205,62158.17,62377.535,597.1474,1511.1484,0.0,408.2538,101000,5849.607,20722
2018-02-07,22:31:47,338150,-115.773476,-335.13376,61579.305,61944.9,322.94705,152.33353,13.405351,188.89355,111000,5575.4067,14143
2018-02-07,22:31:48,338830,-147.18504,-334.51147,67845.61,69324.16,849.65906,1003.5344,0.0,187.32642,101000,3539.132,20466
2018-02-07,22:31:48,338150,-127.11436,-367.96265,67611.46,68012.87,354.58215,167.25574,14.718506,207.3971,111000,6121.5596,15528
2018-02-07,22:31:48,337450,-247.53853,-481.69647,68247.03,68487.88,655.6425,1659.1768,0.0,448.24536,101000,6422.62,22752
2018-02-07,22:31:49,338150,-139.0272,-402.44724,73947.84,74386.87,387.81274,182.93054,16.097889,226.83386,111000,6695.258,16983
2018-02-07,22:31:49,337450,-270.73724,-526.8399,74642.98,74906.41,717.08777,1814.6709,0.0,490.25385,101000,7024.5327,24884
2018-02-07,22:31:49,338830,-160.97888,-365.86108,74203.94,75821.055,929.28705,1097.5833,0.0,204.8822,101000,3870.811,22384
2018-02-07,22:31:50,338150,-151.49297,-438.53232,80578.31,81056.7,422.58566,199.33286,17.541292,247.17273,111000,7295.5825,18505
2018-02-07,22:31:50,337450,-295.01266,-574.07855,81335.77,81622.83,781.3849,1977.3818,0.0,534.21204,101000,762018-02-07,22:34:22,338150,-1.9,-4.9,1010.7,1016.7,5.4,2.9,0.22,3.1,111000,90.5,225
2018-02-07,22:34:22,338830,-2.3,-5.0,1014.2,1036.0,11.9,15.5,0.0,2.8,101000,53.8,305
2018-02-07,22:34:23,338150,-1.9,-4.9,1010.7,1016.7,5.4,2.9,0.22,3.1,111000,90.5,225
2018-02-07,22:34:23,337450,-3.7,-6.5,1020.2,1023.8,9.3,25.0,0.0,6.7,101000,96.2,337
2018-02-07,22:34:23,338830,-2.3,-5.0,1014.2,1036.0,11.9,15.5,0.0,2.8,101000,53.8,305
2018-02-07,22:34:24,338830,-3.4499998,-7.5,1521.3,1554.0,17.849998,23.25,0.0,4.2,101000,80.7,458
2018-02-07,22:34:24,338150,-2.85,-7.3500004,1516.05,1525.05,8.1,4.3500004,0.32999998,4.6499996,111000,135.75,338
2018-02-07,22:34:24,337450,-3.7,-6.5,1020.2,1023.8,9.3,25.0,0.0,6.7,101000,96.2,337
2018-02-07,22:34:25,338150,-3.8,-9.8,2021.4,2033.4,10.8,5.8,0.44,6.2,111000,181.0,451
2018-02-07,22:34:25,338830,-4.6,-10.0,2028.4,2072.0,23.8,31.0,0.0,5.6,101000,107.6,611
2018-02-07,22:34:25,337450,-5.55,-9.75,1530.3,1535.7,13.950001,37.5,0.0,10.049999,101000,144.29999,506
2018-02-07,22:34:26,338150,-4.75,-12.25,2526.75,2541.75,13.5,7.25,0.55,7.75,111000,226.25,564
2018-02-07,22:34:26,338830,-5.75,-12.5,2535.5,2590.0,29.75,38.75,0.0,7.0,101000,134.5,764
2018-02-07,22:34:26,337450,-7.4,-13.0,2040.4,2047.6,18.6,50.0,0.0,13.4,101000,192.4,675
2018-02-07,22:34:27,338150,-5.7,-14.7,3032.1,3050.1,16.2,8.7,0.66,9.3,111000,271.5,677
2018-02-07,22:34:27,337450,-9.25,-16.25,2550.5,2559.5,23.25,62.5,0.0,16.75,101000,240.5,844
2018-02-07,22:34:27,338830,-6.9,-15.0,3042.6,3108.0,35.7,46.5,0.0,8.4,101000,161.4,917
2018-02-07,22:34:28,338830,-8.05,-17.5,3549.7002,3626.0,41.65,54.25,0.0,9.799999,101000,188.29999,1070
2018-02-07,22:34:28,338150,-6.6499996,-17.15,3537.4502,3558.4502,18.900002,10.15,0.77000004,10.85,111000,316.75,790
2018-02-07,22:34:28,337450,-11.1,-19.5,3060.6,3071.4,27.9,75.0,0.0,20.1,101000,288.6,1013
2018-02-07,22:34:29,337450,-12.950001,-22.75,3570.7002,3583.2998,32.55,87.5,0.0,23.45,101000,336.7,1182
2018-02-07,22:34:29,338150,-7.5999994,-19.6,4042.8003,4066.8003,21.600002,11.599999,0.88000005,12.400001,111000,362.0,903
2018-02-07,22:34:29,338830,-9.2,-20.0,4056.8003,4144.0,47.600002,62.0,0.0,11.199999,101000,215.19998,1223
2018-02-07,22:34:30,338830,-10.349999,-22.5,4563.9004,4662.0,53.550003,69.75,0.0,12.599998,101000,242.09998,1376
2018-02-07,22:34:30,338150,-8.549999,-22.050001,4548.1504,4575.1504,24.300003,13.049999,0.99000007,13.950001,111000,407.25,1016
2018-02-07,22:34:30,337450,-14.800001,-26.0,4080.8003,4095.1997,37.2,100.0,0.0,26.800001,101000,384.80002,1351
2018-02-07,22:34:31,337450,-16.650002,-29.25,4590.9004,4607.0996,41.850002,112.5,0.0,30.150002,101000,432.90002,1520
2018-02-07,22:34:31,338150,-9.499999,-24.500002,5053.5005,5083.5005,27.000004,14.499999,1.1,15.500001,111000,452.5,1129
2018-02-07,22:34:31,338830,-11.499999,-25.0,5071.0005,5180.0,59.500004,77.5,0.0,13.999998,101000,268.99997,1529
2018-02-07,22:34:32,337450,-18.500002,-32.5,5101.0005,5118.9995,46.500004,125.0,0.0,33.5,101000,481.00003,1689
2018-02-07,22:34:32,338150,-10.449999,-26.95,5558.8506,5591.8506,29.700005,15.949999,1.21,17.050001,111000,497.75,1242
2018-02-07,22:34:32,338830,-12.65,-27.5,5578.1006,5698.0,65.450005,85.25,0.0,15.399998,101000,295.89996,1682
2018-02-07,22:34:33,338150,-11.399999,-29.400002,6064.2007,6100.2007,32.400005,17.4,1.32,18.6,111000,543.0,1355
2018-02-07,22:34:33,337450,-20.350002,-35.75,5611.1006,5630.8994,51.15,137.5,0.0,36.85,101000,529.10004,1858
2018-02-07,22:34:33,338830,-13.799999,-30.0,6085.2007,6216.0,71.4,93.0,0.0,16.799997,101000,322.79996,1835
2018-02-07,22:34:34,338150,-12.349998,-31.850002,6569.551,6608.551,35.100006,18.85,1.4300001,20.15,111000,588.25,1468
2018-02-07,22:34:34,337450,-22.200003,-39.0,6121.2007,6142.7993,55.800003,150.0,0.0,40.199997,101000,577.2,2027
2018-02-07,22:34:34,338830,-14.949999,-32.5,6592.301,6734.0,77.35,100.75,0.0,18.199997,101000,349.69995,1988
2018-02-07,22:34:35,337450,-24.050003,-42.25,6631.301,6654.699,60.450005,162.5,0.0,43.549995,101000,625.3,2196
2018-02-07,22:34:35,338830,-16.099998,-35.0,7099.401,7252.0,83.299995,108.5,0.0,19.599997,101000,376.59995,2141
2018-02-07,22:34:35,338150,-13.299998,-34.300003,7074.901,7116.901,37.800007,20.300001,1.5400001,21.699999,111000,633.5,1581
2018-02-07,22:34:36,338830,-17.249998,-37.5,7606.501,7770.0,89.24999,116.25,0.0,20.999996,101000,403.49994,2294
2018-02-07,22:34:36,338150,-14.249998,-36.750004,7580.251,7625.251,40.500008,21.750002,1.6500001,23.249998,111000,678.75,1694
2018-02-07,22:34:36,337450,-25.900003,-45.5,7141.401,7166.599,65.100006,175.0,0.0,46.899994,101000,673.39996,2365
2018-02-07,22:34:37,338830,-18.399998,-40.0,8113.601,8288.0,95.19999,124.0,0.0,22.399996,101000,430.39993,2447
2018-02-07,22:34:37,337450,-27.750004,-48.75,7651.501,7678.499,69.75001,187.5,0.0,50.249992,101000,721.49994,2534
2018-02-07,22:34:37,338150,-15.199998,-39.200005,8085.601,8133.601,43.20001,23.200003,1.7600001,24.799997,111000,724.0,1807
2018-02-07,22:34:38,338150,-16.149998,-41.650005,8590.951,8641.951,45.90001,24.650003,1.8700001,26.349997,111000,769.25,1920
2018-02-07,22:34:38,338830,-19.549997,-42.5,8620.701,8806.0,101.14999,131.75,0.0,23.799995,101000,457.29993,2600
2018-02-07,22:34:38,337450,-29.600004,-52.0,8161.601,8190.399,74.40001,200.0,0.0,53.59999,101000,769.5999,2703
2018-02-07,22:34:39,337450,-31.450005,-55.25,8671.701,8702.299,79.05001,212.5,0.0,56.94999,101000,817.6999,2872
2018-02-07,22:34:39,338150,-17.099998,-44.100006,9096.301,9150.301,48.60001,26.100004,1.9800001,27.899996,111000,814.5,2033
2018-02-07,22:34:39,338830,-20.699997,-45.0,9127.801,9324.0,107.09998,139.5,0.0,25.199995,101000,484.19992,2753
2018-02-07,22:34:40,337450,-33.300003,-58.5,9181.801,9214.199,83.70001,225.0,0.0,60.299988,101000,865.79987,3041
2018-02-07,22:34:40,338150,-18.05,-46.550007,9601.65,9658.65,51.30001,27.550003,2.0900002,29.449997,111000,859.75,2146
2018-02-07,22:34:40,338830,-21.849997,-47.5,9634.9,9842.0,113.04999,147.25,0.0,26.599995,101000,511.0999,2906
2018-02-07,22:34:41,338150,-19.0,-49.000008,10107.0,10167.0,54.00001,29.000004,2.2,30.999996,111000,905.0,2259
2018-02-07,22:34:41,337450,-35.15,-61.75,9691.9,9726.1,88.35001,237.5,0.0,63.649986,101000,913.8999,3210
2018-02-07,22:34:41,338830,-22.999996,-50.0,10142.0,10360.0,118.999985,155.0,0.0,27.999994,101000,537.99994,3059
2018-02-07,22:34:42,337450,-37.0,-65.0,10202.0,10238.0,93.000015,250.0,0.0,66.999985,101000,961.9999,3379
2018-02-07,22:34:42,338830,-24.149996,-52.5,10649.1,10878.0,124.94998,162.75,0.0,29.399994,101000,564.89996,3212
2018-02-07,22:34:42,338150,-19.95,-51.45001,10612.35,10675.35,56.700012,30.450005,2.31,32.549995,111000,950.25,2372
2018-02-07,22:34:43,337450,-38.85,-68.25,10712.1,10749.9,97.65002,262.5,0.0,70.34998,101000,1010.09985,3548
2018-02-07,22:34:43,338150,-20.900002,-53.90001,11117.699,11183.699,59.400013,31.900005,2.4199998,34.099995,111000,995.5,2485
2018-02-07,22:34:43,338830,-25.299995,-55.0,11156.199,11396.0,130.89998,170.5,0.0,30.799994,101000,591.8,3365
2018-02-07,22:34:44,338150,-21.850002,-56.35001,11623.049,11692.049,62.100014,33.350006,2.5299997,35.649994,111000,1040.75,2598
2018-02-07,22:34:44,337450,-40.699997,-71.5,11222.199,11261.801,102.30002,275.0,0.0,73.69998,101000,1058.1998,3717
2018-02-07,22:34:44,338830,-26.449995,-57.5,11663.299,11914.0,136.84998,178.25,0.0,32.199993,101000,618.7,3518
2018-02-07,22:34:45,338830,-27.599995,-60.0,12170.398,12432.0,142.79997,186.0,0.0,33.599995,101000,645.60004,3671
2018-02-07,22:34:45,337450,-42.549995,-74.75,11732.299,11773.701,106.95002,287.5,0.0,77.04998,101000,1106.2998,3886
2018-02-07,22:34:45,338150,-22.800003,-58.80001,12128.398,12200.398,64.80001,34.800007,2.6399996,37.199993,111000,1086.0,2711
2018-02-07,22:34:46,338830,-28.749994,-62.5,12677.498,12950.0,148.74997,193.75,0.0,34.999996,101000,672.50006,3824
2018-02-07,22:34:46,338150,-23.750004,-61.25001,12633.748,12708.748,67.50001,36.250008,2.7499995,38.749992,111000,1131.25,2824
2018-02-07,22:34:46,337450,-44.399994,-78.0,12242.398,12285.602,111.60002,300.0,0.0,80.39998,101000,1154.3998,4055
2018-02-07,22:34:47,338830,-29.899994,-65.0,13184.598,13468.0,154.69997,201.5,0.0,36.399998,101000,699.4001,3977
2018-02-07,22:34:47,337450,-46.249992,-81.25,12752.498,12797.502,116.25002,312.5,0.0,83.74998,101000,1202.4998,4224
2018-02-07,22:34:47,338150,-24.700005,-63.700012,13139.098,13217.098,70.200005,37.70001,2.8599997,40.29999,111000,1176.5,2937
2018-02-07,22:34:48,338150,-25.650005,-66.15001,13644.447,13725.447,72.9,39.15001,2.9699998,41.84999,111000,1221.75,3050
2018-02-07,22:34:48,337450,-48.09999,-84.5,13262.598,13309.402,120.900024,325.0,0.0,87.099976,101000,1250.5997,4393
2018-02-07,22:34:48,338830,-31.049994,-67.5,13691.697,13986.0,160.64996,209.25,0.0,37.8,101000,726.3001,4130
2018-02-07,22:34:49,337450,-49.94999,-87.75,13772.697,13821.303,125.550026,337.5,0.0,90.449974,101000,1298.6997,4562
2018-02-07,22:34:49,338150,-26.600004,-68.600006,14149.798,14233.798,75.6,40.60001,3.0799997,43.39999,111000,1267.0,3163
2018-02-07,22:34:49,338830,-32.199993,-70.0,14198.798,14504.0,166.59996,217.0,0.0,39.2,101000,753.20013,4283
2018-02-07,22:34:50,338150,-27.550003,-71.05,14655.148,14742.148,78.299995,42.05001,3.1899996,44.94999,111000,1312.25,3276
2018-02-07,22:34:50,337450,-51.79999,-91.0,14282.798,14333.202,130.20003,350.0,0.0,93.79997,101000,1346.7997,4731
2018-02-07,22:34:50,338830,-33.349995,-72.5,14705.898,15022.0,172.54996,224.75,0.0,40.600002,101000,780.1001,4436
2018-02-07,22:34:51,337450,-53.649994,-94.25,14792.898,14845.102,134.85002,362.5,0.0,97.14997,101000,1394.8997,4900
2018-02-07,22:34:51,338150,-28.500004,-73.5,15160.498,15250.498,80.99999,43.50001,3.2999997,46.49999,111000,1357.5,3389
2018-02-07,22:34:51,338830,-34.499996,-75.0,15212.998,15540.0,178.49995,232.5,0.0,42.000004,101000,807.0001,4589
2018-02-07,22:34:52,338830,-35.649998,-77.5,15720.098,16058.0,184.44995,240.25,0.0,43.400005,101000,833.90015,4742
2018-02-07,22:34:52,337450,-55.499992,-97.5,15302.998,15357.002,139.50002,375.0,0.0,100.49997,101000,1442.9996,5069
2018-02-07,22:34:52,338150,-29.450005,-75.95,15665.848,15758.848,83.69999,44.950012,3.4099996,48.049988,111000,1402.75,3502
2018-02-07,22:34:53,338150,-30.368338,-78.31833,16154.353,16250.253,86.30999,46.351677,3.5163329,49.54832,111000,1446.4917,3611
2018-02-07,22:34:53,338830,-36.761665,-79.916664,16210.295,16558.732,190.20161,247.74167,0.0,44.753338,101000,859.9035,4889
2018-02-07,22:34:53,337450,-57.34999,-100.75,15813.098,15868.902,144.15001,387.5,0.0,103.84997,101000,1491.0996,5238
2018-02-07,22:34:54,338150,-32.20606,-83.05772,17131.924,17233.627,91.53299,49.15662,3.7291217,52.54671,111000,1534.0253,3829
2018-02-07,22:34:54,337450,-59.138325,-103.89167,16306.194,16363.739,148.645,399.58334,0.0,107.0883,101000,1537.5963,5401
2018-02-07,22:34:54,338830,-38.986275,-84.75278,17191.252,17560.775,201.71156,262.7336,0.0,47.46156,101000,911.94006,5185
2018-02-07,22:34:55,338830,-42.28673,-91.92769,18646.61,19047.416,218.78784,284.97583,0.0,51.479507,101000,989.1421,5624
2018-02-07,22:34:55,338150,-34.93252,-90.08913,18582.26,18692.572,99.28189,53.318066,4.0448174,56.995155,111000,1663.8911,4153
2018-02-07,22:34:55,337450,-62.71705,-110.17861,17292.955,17353.98,157.64017,423.7639,0.0,113.568695,101000,1630.6431,5727
2018-02-07,22:34:56,337450,-68.02648,-119.50599,18756.924,18823.115,170.98549,459.63843,0.0,123.183075,101000,1768.6882,6212
2018-02-07,22:34:56,338150,-38.518105,-99.33616,20489.602,20611.236,109.472496,58.7908,4.45999,62.845318,111000,1834.6781,4579
2018-02-07,22:34:56,338830,-46.627174,-101.363434,20560.555,21002.502,241.24492,314.22662,0.0,56.763523,101000,1090.6707,6201
2018-02-07,22:34:57,338150,-42.934166,-110.72495,22838.715,22974.295,122.023415,65.531105,4.971324,70.050476,111000,2045.0222,5104
2018-02-07,22:34:57,338830,-51.972935,-112.98465,22917.803,23410.418,268.9034,350.2524,0.0,63.271404,101000,1215.715,6912
2018-02-07,22:34:57,337450,-75.008934,-131.77246,20682.193,20755.178,188.53598,506.81714,0.0,135.82697,101000,1950.2319,6849
2018-02-07,22:34:58,338830,-58.290504,-126.71849,25703.576,26256.07,301.58997,392.82733,0.0,70.96236,101000,1363.4911,7752
2018-02-07,22:34:58,338150,-48.153027,-124.18412,25614.875,25766.936,136.85597,73.496735,5.575613,78.56546,111000,2293.6047,5724
2018-02-07,22:34:58,337450,-83.608635,-146.88005,23053.387,23134.738,210.15144,564.9232,0.0,151.3994,101000,2173.8242,7634
2018-02-07,22:34:59,338830,-65.547485,-142.49454,28903.59,29524.867,339.13696,441.7331,0.0,79.79694,101000,1533.2413,8717
2018-02-07,22:34:59,338150,-54.147926,-139.64465,28803.846,28974.838,153.8941,82.64684,6.269759,88.34661,111000,2579.1514,6437
2018-02-07,22:34:59,337450,-93.77168,-164.73405,25855.64,25946.88,235.6964,633.59247,0.0,169.80275,101000,2438.0635,8562
2018-02-07,22:35:00,338150,-60.892994,-157.03983,32391.867,32584.16,173.0643,92.94195,7.0507674,99.35172,111000,2900.4297,7239
2018-02-07,22:35:00,338830,-73.71257,-160.24472,32504.037,33202.703,381.3824,496.75867,0.0,89.737045,101000,1724.2333,9803
2018-02-07,22:35:00,337450,-105.44596,-185.24292,29074.586,29177.184,265.03986,712.4727,0.0,190.94266,101000,2741.5947,9628
2018-02-07,22:35:01,338830,-82.755486,-179.90323,36491.57,37275.945,428.16965,557.7001,0.0,100.74581,101000,1935.7588,11006
2018-02-07,22:35:01,337450,-118.5811,-208.31816,32696.334,32811.71,298.0552,801.22363,0.0,214.7279,101000,3083.1084,10828
2018-02-07,22:35:01,338150,-68.36323,-176.30516,36365.64,36581.523,194.2955,104.34388,7.915742,111.54,111000,3256.2488,8127
2018-02-07,22:35:02,338830,-92.64697,-201.40645,40853.285,41731.414,479.34732,624.36005,0.0,112.78761,101000,2167.1335,12322
2018-02-07,22:35:02,337450,-133.1284,-233.87422,36707.457,36836.99,334.62003,899.5162,0.0,241.07031,101000,3461.3381,12157
2018-02-07,22:35:02,338150,-76.534454,-197.37833,40712.305,40953.99,217.51898,116.81575,8.861884,124.872,111000,3645.457,9099
2018-02-07,22:35:03,338150,-85.3833,-220.19905,45419.43,45689.055,242.66835,130.3219,9.886488,139.3096,111000,4066.942,10151
2018-02-07,22:35:03,338830,-103.35874,-224.6929,45576.71,46556.367,534.7691,696.54803,0.0,125.828026,101000,2417.6958,13747
2018-02-07,22:35:03,337450,-149.04079,-261.82843,41094.977,41239.99,374.61603,1007.0323,0.0,269.88464,101000,3875.0603,13610
2018-02-07,22:35:04,337450,-166.27277,-292.10083,45846.344,46008.12,417.92883,1123.4646,0.0,301.0885,101000,4323.092,15184
2018-02-07,22:35:04,338150,-94.88719,-244.70909,50475.0,50774.637,269.6794,144.82784,10.986938,154.81595,111000,4519.627,11281
2018-02-07,22:35:04,338830,-114.86345,-249.70314,50649.79,51738.49,594.29346,774.0798,0.0,139.83376,101000,2686.806,15277
2018-02-07,22:35:05,338150,-105.024284,-270.8521,55867.402,56199.05,298.4901,160.30025,12.160707,171.35541,111000,5002.4727,12486
2018-02-07,22:35:05,338830,-127.13467,-276.3797,56060.863,57265.87,657.7837,856.7771,0.0,154.77263,101000,2973.8457,16909
2018-02-07,22:35:05,337450,-184.78035,-324.61414,50949.434,51129.215,464.44788,1248.5157,0.0,334.6022,101000,4804.2886,16874
2018-02-07,22:35:06,337450,-204.52101,-359.29367,56392.52,56591.508,514.0663,1381.8986,0.0,370.3488,101000,5317.5454,18677
2018-02-07,22:35:06,338150,-115.773476,-298.5737,61585.406,61951.0,329.04044,176.70691,13.405351,188.89355,111000,5514.4736,13764
2018-02-07,22:35:06,338830,-140.14685,-304.66705,61798.668,63127.008,725.10754,944.4679,0.0,170.61354,101000,3278.2175,18640
2018-02-07,22:35:07,338830,-153.87529,-334.51147,67852.31,69310.77,796.13727,1036.9856,0.0,187.32642,101000,3599.3435,20466
2018-02-07,22:35:07,337450,-225.45364,-396.0672,62164.27,62383.625,566.6807,1523.3352,0.0,408.2538,101000,5861.794,20589
2018-02-07,22:35:07,338150,-127.11436,-327.82126,67618.16,68019.57,361.27243,194.01668,14.718506,207.3971,111000,6054.6577,15113
2018-02-07,22:35:08,338150,-139.0272,-358.54388,73955.17,74394.2,395.13004,212.19946,16.097889,226.83386,111000,6622.086,16530
2018-02-07,22:35:08,337450,-247.53853,-434.86496,68253.73,68494.57,622.1914,1672.5574,0.0,448.24536,101000,6436.001,22606
2018-02-07,22:35:08,338830,-168.29611,-365.86108,74211.27,75806.414,870.7493,1134.1694,0.0,204.8822,101000,3936.6653,22384
2018-02-07,22:35:09,338830,-183.38623,-398.6657,80865.37,82603.53,948.82434,1235.8638,0.0,223.25279,101000,4289.643,24391
2018-02-07,22:35:09,338150,-151.49297,-390.69244,80586.3,81064.695,430.55905,231.22615,17.541292,247.17273,111000,7215.8496,18012
2018-02-07,22:35:09,337450,-270.73724,-475.61945,74650.305,74913.72,680.5017,1829.3054,0.0,490.25385,101000,7039.1675,24725
2018-02-07,22:35:10,337450,-295.01266,-518.26544,81343.766,81630.8,741.5183,1993.3286,0.0,534.21204,101000,7670.3286,26942
2018-02-07,22:35:10,338830,-199.12335,-432.87686,87804.76,89692.08,1030.2468,1341.9183,0.0,242.41103,101000,4657.755,26484
2018-02-07,22:35:10,338150,-164.4932,-424.21936,87501.734,88021.19,467.50708,251.06862,19.046583,268.38364,111000,7835.0713,19558
2018-02-07,22:35:11,337450,-320.32892,-562.7399,88324.2,88635.87,805.15106,2164.3843,0.0,580.05493,101000,8328.551,29254
2018-02-07,22:35:11,338150,-178.01009,-459.07874,94692.01,95254.15,505.92352,271.69968,20.611698,290.4375,111000,8478.902,21166
2018-02-07,22:35:11,338830,-215.4859,-468.44763,95019.93,97062.34,1114.9053,1452.1877,0.0,262.33066,101000,5040.496,28661
2018-02-07,22:35:12,337450,-346.65128,-608.98193,95582.06,95919.336,871.3127,2342.238,0.0,627.7197,101000,9012.933,31658
2018-02-07,22:35:12,338150,-192.02641,-495.22614,102147.95,102754.36,545.7594,293.09302,22.234642,313.30624,111000,9146.522,22833
2018-02-07,22:35:12,338830,-232.45303,-505.3327,102501.695,104704.93,1202.6918,1566.5315,0.0,282.9863,101000,5437.3794,30918
2018-02-07,22:35:13,337450,-373.94623,-656.93256,103108.09,103471.92,939.91895,2526.6633,0.0,677.14575,101000,9722.602,34151
2018-02-07,22:35:13,338830,-250.0046,-543.4883,110241.17,112610.766,1293.5021,1684.8137,0.0,304.35342,101000,5847.9336,33253
2018-02-07,22:35:13,338150,-206.52553,-532.6186,109860.72,110512.914,586.9674,315.22327,23.913486,336.9627,111000,9837.139,24557
2018-02-07,22:35:14,338830,-268.1211,-582.872,118229.766,120771.07,1387.2354,1806.9033,0.0,326.4083,101000,6271.7026,35663
2018-02-07,22:35:14,337450,-402.18134,-706.5348,110893.36,111284.66,1010.8883,2717.4412,0.0,728.27423,101000,10456.715,36730
2018-02-07,22:35:14,338150,-221.49135,-571.21466,117821.74,118521.2,629.50183,338.06583,25.64637,361.3806,111000,10549.984,26337
2018-02-07,22:35:15,338150,-236.90831,-610.9742,126022.75,126770.89,673.3184,361.597,27.43149,386.53458,111000,11284.318,28171
2018-02-07,22:35:15,337450,-431.3253,-757.73364,118929.21,119348.87,1084.1421,2914.3599,0.0,781.0484,101000,11214.457,39392
2018-02-07,22:35:15,338830,-286.78372,-623.44293,126459.17,129177.37,1483.7942,1932.6732,0.0,349.12802,101000,6708.246,38146
2018-02-07,22:35:16,337450,-461.34778,-810.4758,127207.305,127656.17,1159.604,3117.2146,0.0,835.41345,101000,11995.042,42134
2018-02-07,22:35:16,338830,-305.97424,-665.1615,134921.36,137821.45,1583.0844,2062.0007,0.0,372.49042,101000,7157.1377,40699
2018-02-07,22:35:16,338150,-252.76137,-651.8584,134455.73,135253.94,718.3745,385.79376,29.267107,412.4001,111000,12039.425,30056
2018-02-07,22:35:17,337450,-492.2195,-864.70996,135719.56,136198.47,1237.2006,3325.8074,0.0,891.3163,101000,12797.707,44954
2018-02-07,22:35:17,338830,-325.6751,-707.98944,143608.58,146695.4,1685.0149,2194.7673,0.0,396.47406,101000,7617.9663,43320
2018-02-07,22:35:17,338150,-269.03598,-693.8298,143112.97,143962.56,764.6287,410.63397,31.151537,438.9534,111000,12814.61,31992
2018-02-07,22:35:18,338150,-285.7181,-736.8521,151986.98,152889.25,812.0411,436.0962,33.083153,466.1716,111000,13609.207,33976
2018-02-07,22:35:18,337450,-523.9122,-920.3863,144458.17,144967.92,1316.8606,3539.947,0.0,948.7057,101000,13621.717,47849
2018-02-07,22:35:18,338830,-345.86926,-751.8898,152513.33,155791.56,1789.4977,2330.8584,0.0,421.05826,101000,8090.334,46006
2018-02-07,22:35:19,338150,-302.7942,-780.8904,161070.55,162026.73,860.57306,462.15967,35.06038,494.03253,111000,14422.566,36007
2018-02-07,22:35:19,337450,-556.39844,-977.4567,153415.6,153956.97,1398.5153,3759.4487,0.0,1007.53217,101000,14466.359,50817
2018-02-07,22:35:19,338830,-366.54028,-796.8268,161628.34,165102.52,1896.4478,2470.163,0.0,446.223,101000,8573.856,48756
2018-02-07,22:35:20,337450,-589.6518,-1035.8749,162584.53,163158.27,1482.0981,3984.1338,0.0,1067.7477,101000,15330.947,53855
2018-02-07,22:35:20,338150,-320.25104,-825.9107,170356.67,171368.0,910.18726,488.80435,37.0817,522.5148,111000,15254.064,38083
2018-02-07,22:35:20,338830,-387.67227,-842.76587,170946.62,174621.1,2005.7828,2612.5742,0.0,471.94888,101000,9068.161,51567
2018-02-07,22:35:21,338830,-409.24985,-889.6737,180461.4,184340.39,2117.4233,2757.9883,0.0,498.21725,101000,9572.89,54438
2018-02-07,22:35:21,337450,-623.6467,-1095.5957,171957.94,172564.75,1567.5449,4213.829,0.0,1129.306,101000,16214.815,56960
2018-02-07,22:35:21,338150,-338.07602,-871.8804,179838.61,180906.23,960.84766,516.01086,39.14564,551.5976,111000,16103.096,40203
2018-02-07,22:35:22,338830,-431.25818,-937.51794,190166.12,194253.72,2231.2925,2906.3054,0.0,525.01,101000,10087.693,57366
2018-02-07,22:35:22,337450,-658.3585,-1156.5758,181529.0,182169.6,1654.7935,4448.368,0.0,1192.1625,101000,17117.32,60131
2018-02-07,22:35:22,338150,-356.25684,-918.7677,189509.84,190634.88,1012.5194,543.7605,41.250786,581.261,111000,16969.076,42365
2018-02-07,22:35:23,338830,-453.64456,-986.184,200037.55,204337.33,2347.1177,3057.1702,0.0,552.263,101000,10611.341,60343
2018-02-07,22:35:23,337450,-693.76324,-1218.7733,191291.12,191966.17,1743.7837,4687.5894,0.0,1256.2737,101000,18037.842,63365
2018-02-07,22:35:23,338150,-374.74994,-966.46045,199347.2,200530.62,1065.0787,571.9868,43.392094,611.43396,111000,17849.932,44564
2018-02-07,22:35:24,338150,-394.46432,-1017.3028,209834.22,211079.9,1121.1091,602.0772,45.674812,643.59955,111000,18788.959,46908
2018-02-07,22:35:24,337450,-729.7761,-1282.0392,201220.95,201931.03,1834.3026,4930.92,0.0,1321.4862,101000,18974.176,66654
2018-02-07,22:35:24,338830,-477.50934,-1038.064,210560.88,215086.86,2470.592,3217.998,0.0,581.3158,101000,11169.569,63517
2018-02-07,22:35:25,338830,-503.8791,-1095.3895,222188.78,226964.72,2607.0269,3395.7073,0.0,613.4181,101000,11786.393,67024
2018-02-07,22:35:25,337450,-768.1673,-1349.4832,211806.55,212553.98,1930.7993,5190.32,0.0,1391.0054,101000,19972.346,70160
2018-02-07,22:35:25,338150,-416.24805,-1073.4818,221422.0,222736.48,1183.0208,635.32605,48.197136,679.14136,111000,19826.55,49498
2018-02-07,22:35:26,337450,-810.5882,-1424.0063,223503.25,224291.97,2037.4248,5476.9478,0.0,1467.8217,101000,21075.29,74034
2018-02-07,22:35:26,338830,-533.71027,-1160.24,235343.05,240401.73,2761.3708,3596.7437,0.0,649.7344,101000,12484.184,70991
2018-02-07,22:35:26,338150,-440.8912,-1137.0353,234530.88,235923.17,1253.0592,672.93933,51.050556,719.34863,111000,21000.344,52428
2018-02-07,22:35:27,338150,-469.129,-1209.859,249551.89,251033.36,1333.314,716.0391,54.320194,765.42084,111000,22345.355,55785
2018-02-07,22:35:27,338830,-567.8929,-1234.5499,250416.08,255798.77,2938.2285,3827.1045,0.0,691.34796,101000,13283.759,75537
2018-02-07,22:35:27,337450,-858.5775,-1508.3119,236735.33,237570.75,2158.0466,5801.2,0.0,1554.7212,101000,22323.012,78416
2018-02-07,22:35:28,338150,-501.64438,-1293.7145,266848.38,268432.5,1425.7261,765.6679,58.085133,818.4723,111000,23894.115,59650
2018-02-07,22:35:28,337450,-913.5669,-1604.9149,251897.53,252786.47,2296.2632,6172.75,0.0,1654.2965,101000,23752.736,83437
2018-02-07,22:35:28,338830,-607.2536,-1320.1167,267772.44,273528.22,3141.8774,4092.3616,0.0,739.2654,101000,14204.458,80772
2018-02-07,22:35:29,338830,-652.5593,-1418.6073,287750.28,293935.47,3376.2852,4397.6826,0.0,794.42017,101000,15264.218,86797
2018-02-07,22:35:29,337450,-976.88635,-1716.1519,269356.6,270307.12,2455.4175,6600.584,0.0,1768.956,101000,25399.043,89218
2018-02-07,22:35:29,338150,-539.0708,-1390.2354,286757.28,288459.6,1532.096,822.7925,62.41872,879.5365,111000,25676.797,64099
2018-02-07,22:35:30,338150,-581.99475,-1500.934,309590.56,311428.44,1654.0903,888.308,67.38886,949.5703,111000,27721.334,69202
2018-02-07,22:35:30,337450,-1049.7694,-1844.1897,289452.62,290474.06,2638.61,7093.037,0.0,1900.9335,101000,27294.004,95873
2018-02-07,22:35:30,338830,-704.5199,-1531.5651,310662.66,317340.3,3645.1248,4747.852,0.0,857.6765,101000,16479.645,93707
2018-02-07,22:35:31,338150,-630.9581,-1627.208,335636.53,337629.0,1793.2495,963.0416,73.05831,1029.458,111000,30053.54,75023
2018-02-07,22:35:31,337450,-1133.3582,-1991.0349,312500.53,313603.3,2848.7117,7657.826,0.0,2052.2969,101000,29467.312,103506
2018-02-07,22:35:31,338830,-763.7914,-1660.4161,336798.8,344038.25,3951.7903,5147.2905,0.0,929.8331,101000,17866.082,101590
2018-02-07,22:35:32,338830,-830.97864,-1806.4753,366425.47,374301.72,4299.411,5600.074,0.0,1011.6263,101000,19437.68,110526
2018-02-07,22:35:32,338150,-686.46063,-1770.3461,365160.94,367328.7,1950.9935,1047.756,79.48492,1120.0148,111000,32697.21,81622
2018-02-07,22:35:32,337450,-1228.708,-2158.5413,338791.3,339986.84,3088.3745,8302.081,0.0,2224.9573,101000,31946.406,112213
2018-02-07,22:35:33,337450,-1336.7919,-2348.4182,368593.25,369893.94,3360.0447,9032.377,0.0,2420.6768,101000,34756.586,122083
2018-02-07,22:35:33,338150,-748.9619,-1931.5336,398408.34,400773.44,2128.6287,1143.1527,86.72191,1221.9906,111000,35674.246,89053
2018-02-07,22:35:33,338830,-906.63806,-1970.9524,399788.0,408381.38,4690.8667,6109.953,0.0,1103.7334,101000,21207.453,120589
2018-02-07,22:35:34,338150,-818.8837,-2111.8582,435603.06,438188.97,2327.3538,1249.8755,94.818115,1336.0735,111000,39004.73,97366
2018-02-07,22:35:34,337450,-1458.5049,-2562.2385,402153.16,403572.25,3665.972,9854.763,0.0,2641.076,101000,37921.125,133198
2018-02-07,22:35:34,338830,-991.2803,-2154.957,437111.53,446507.16,5128.798,6680.3677,0.0,1206.776,101000,23187.344,131847
2018-02-07,22:35:35,337450,-1594.6685,-2801.4448,439697.5,441249.06,4008.2207,10774.786,0.0,2887.6423,101000,41461.375,145633
2018-02-07,22:35:35,338830,-1085.3723,-2359.505,478602.0,488889.44,5615.6216,7314.466,0.0,1321.3228,101000,25388.277,144362
2018-02-07,22:35:35,338150,-896.6119,-2312.315,476950.38,479781.72,2548.2654,1368.5132,103.81822,1462.8931,111000,42707.047,106607
2018-02-07,22:35:36,337450,-1746.0338,-3067.357,481433.44,483132.28,4388.6797,11797.525,0.0,3161.7363,101000,45396.875,159456
2018-02-07,22:35:36,338150,-982.4983,-2533.8115,522637.44,525740.0,2792.3638,1499.603,113.76296,1603.0236,111000,46797.953,116818
2018-02-07,22:35:36,338830,-1189.3401,-2585.5217,524447.25,535720.1,6153.542,8015.118,0.0,1447.8922,101000,27820.219,158190
2018-02-07,22:35:37,338150,-1076.8627,-2777.1724,572834.4,576234.9,3060.5574,1643.6329,124.68937,1756.9866,111000,51292.68,128038
2018-02-07,22:35:37,338830,-1303.5707,-2833.849,574818.0,587173.56,6744.561,8784.934,0.0,1586.9556,101000,30492.223,173383
2018-02-07,22:35:37,337450,-1913.2864,-3361.179,527549.94,529411.5,4809.0713,12927.609,0.0,3464.5989,101000,49745.44,174730
2018-02-07,22:35:38,338150,-1179.9945,-3043.1438,627695.06,631421.25,3353.669,1801.0447,136.63095,1925.2542,111000,56205.008,140301
2018-02-07,22:35:38,338830,-1428.4144,-3105.2485,629868.7,643407.5,7390.4917,9626.271,0.0,1738.9392,101000,33412.48,189988
2018-02-07,22:35:38,337450,-2097.0486,-3684.0046,578218.7,580259.0,5270.9604,14169.246,0.0,3797.3577,101000,54523.26,191512
2018-02-07,22:35:39,338150,-1292.1543,-3332.3982,687358.2,691438.56,3672.439,1972.236,149.61787,2108.2517,111000,61547.36,153637
2018-02-07,22:35:39,337450,-2297.8843,-4036.824,633595.06,635830.75,5775.7637,15526.243,0.0,4161.0327,101000,59744.99,209854
2018-02-07,22:35:39,338830,-1564.1869,-3400.406,689738.44,704564.1,8092.9663,10541.26,0.0,1904.2273,101000,36588.375,208047
2018-02-07,22:35:40,337450,-2516.3008,-4420.529,693819.0,696267.2,6324.7563,17002.031,0.0,4556.5435,101000,65423.816,229801
2018-02-07,22:35:40,338150,-1413.5757,-3645.5376,751948.0,756411.8,4017.5315,2157.5635,163.6772,2306.3604,111000,67330.85,168074
2018-02-07,22:35:40,338830,-1711.1707,-3719.936,754551.94,770770.75,8853.447,11531.803,0.0,2083.164,101000,40026.516,227597
2018-02-07,22:35:41,338830,-1869.6176,-4064.3857,824420.1,842140.75,9673.237,12599.597,0.0,2276.056,101000,43732.793,248672
2018-02-07,22:35:41,337450,-2752.753,-4835.918,759015.9,761694.1,6919.082,18599.682,0.0,4984.714,101000,71571.57,251395
2018-02-07,22:35:41,338150,-1544.4666,-3983.0984,821575.06,826452.25,4389.537,2357.3442,178.833,2519.9192,111000,73565.39,183638
2018-02-07,22:35:42,338830,-2039.75,-4434.239,899441.1,918774.3,10553.488,13746.142,0.0,2483.1736,101000,47712.414,271301
2018-02-07,22:35:42,338150,-1685.0107,-4345.5547,896337.2,901658.2,4788.9785,2571.8591,195.10654,2749.228,111000,80259.734,200350
2018-02-07,22:35:42,337450,-3007.6458,-5283.7026,829297.4,832223.6,7559.759,20321.93,0.0,5446.2764,101000,78198.78,274674
2018-02-07,22:35:43,338150,-1835.3693,-4733.3213,976320.0,982115.8,5216.3135,2801.3538,212.51648,2994.5498,111000,87421.55,218229
2018-02-07,22:35:43,337450,-3281.3372,-5764.5117,904762.25,907954.75,8247.686,22171.195,0.0,5941.8794,101000,85314.76,299670
2018-02-07,22:35:43,338830,-2221.763,-4829.919,979700.94,1000759.25,11495.207,14972.751,0.0,2704.7546,101000,51969.934,295511
2018-02-07,22:35:44,338830,-2415.8252,-5251.7935,1065274.0,1088171.6,12499.269,16280.5625,0.0,2941.0044,101000,56509.305,321324
2018-02-07,22:35:44,338150,-1995.6816,-5146.759,1061597.8,1067899.9,5671.938,3046.041,231.07896,3256.112,111000,95057.48,237292
2018-02-07,22:35:44,337450,-3574.1406,-6278.896,985496.9,988974.25,8983.651,24149.598,0.0,6472.091,101000,92927.65,326411
2018-02-07,22:35:45,338830,-2622.0815,-5700.177,1156224.0,1181076.6,13566.42,17670.55,0.0,3192.0989,101000,61333.906,348760
2018-02-07,22:35:45,338150,-2166.0671,-5586.1743,1152233.9,1159074.1,6156.192,3306.1033,250.80783,3534.1096,111000,103173.21,257554
2018-02-07,22:35:45,337450,-3886.328,-6827.333,1071576.2,1075357.2,9768.338,26258.97,0.0,7037.403,101000,101044.516,354923
2018-02-07,22:35:46,337450,-4218.1313,-7410.231,1163064.4,1167168.1,10602.331,28500.887,0.0,7638.2363,101000,109671.41,385227
2018-02-07,22:35:46,338150,-2346.6262,-6051.827,1248281.8,1255692.2,6669.36,3581.6936,271.71466,3828.706,111000,111773.53,279025
2018-02-07,22:35:46,338830,-2840.653,-6175.3325,1252604.5,1279528.9,14697.29,19143.533,0.0,3458.186,101000,66446.58,377834
2018-02-07,22:35:47,338830,-3071.6396,-6677.4775,1354459.6,1383573.4,15892.3955,20700.184,0.0,3739.3872,101000,71849.66,408560
2018-02-07,22:35:47,338150,-2537.4414,-6543.929,1349785.4,1357798.4,7211.677,3872.9377,293.80905,4140.036,111000,120862.36,301717
2018-02-07,22:35:47,337450,-4569.7466,-8027.933,1260015.1,1264461.0,11486.121,30876.664,0.0,8274.944,101000,118813.4,417341
2018-02-07,22:35:48,337450,-4941.334,-8680.722,1362472.8,1367280.2,12420.111,33387.39,0.0,8947.818,101000,128474.67,451279
2018-02-07,22:35:48,338150,-2738.5781,-7062.6504,1456779.5,1465427.6,7783.3286,4179.936,317.09857,4468.2065,111000,130442.82,325636
2018-02-07,22:35:48,338830,-3315.1208,-7206.7847,1461824.2,1493245.9,17152.146,22341.035,0.0,4035.7993,101000,77545.0,440948
2018-02-07,22:35:49,338150,-2950.0864,-7608.119,1569290.8,1578606.8,8384.457,4502.7646,341.589,4813.299,111000,140517.3,350789
2018-02-07,22:35:49,337450,-5333.0215,-9368.821,1470472.6,1475661.2,13404.623,36033.926,0.0,9657.09,101000,138658.55,487054
2018-02-07,22:35:49,338830,-3571.1572,-7763.3853,1574725.1,1608573.5,18476.855,24066.496,0.0,4347.4956,101000,83534.02,475006
2018-02-07,22:35:50,337450,-5744.906,-10092.402,1584041.4,1589630.8,14439.9,38816.93,0.0,10402.935,101000,149367.55,524674
2018-02-07,22:35:50,338150,-3172.0012,-8180.426,1687337.8,1697354.5,9015.162,4841.477,367.2844,5175.37,111000,151087.45,377180
2018-02-07,22:35:50,338830,-3839.791,-8347.371,1693180.9,1729575.5,19866.742,25876.854,0.0,4674.528,101000,89817.72,510740
2018-02-07,22:35:51,338830,-4121.048,-8958.799,1817202.9,1856263.4,21321.941,27772.28,0.0,5016.9277,101000,96396.69,548154
2018-02-07,22:35:51,337450,-6177.0557,-10851.585,1703198.0,1709207.8,15526.115,41736.86,0.0,11185.477,101000,160603.44,564145
2018-02-07,22:35:51,338150,-3404.3438,-8779.625,1810931.8,1821682.2,9675.504,5196.1055,394.18723,5554.4556,111000,162154.3,404811
2018-02-07,22:35:52,337450,-6629.512,-11646.441,1827953.8,1834403.8,16663.371,44794.0,0.0,12004.79,101000,172367.31,605472
2018-02-07,22:35:52,338830,-4414.938,-9597.69,1946795.6,1988641.6,22842.502,29752.842,0.0,5374.707,101000,103271.16,587249
2018-02-07,22:35:52,338150,-3647.1226,-9405.738,1940077.2,1951594.4,10365.507,5566.6626,422.29843,5950.568,111000,173718.23,433683
2018-02-07,22:35:53,337450,-7102.2915,-12477.0,1958313.1,1965223.1,17851.709,47988.457,0.0,12860.904,101000,184659.58,648655
2018-02-07,22:35:53,338150,-3900.3018,-10058.674,2074755.2,2087071.9,11085.068,5953.0938,451.61392,6363.6494,111000,185777.56,463791
2018-02-07,22:35:53,338830,-4721.418,-10263.951,2081940.0,2126691.0,24428.203,31818.25,0.0,5747.813,101000,110440.125,628018
2018-02-07,22:35:54,337450,-7595.3247,-13343.139,2094257.0,2101646.8,19090.955,51319.76,0.0,13753.693,101000,197478.44,693688
2018-02-07,22:35:54,338150,-4164.756,-10740.6875,2215431.0,2228582.8,11836.675,6356.7344,482.23492,6795.1274,111000,198373.94,495240
2018-02-07,22:35:54,338830,-5041.547,-10959.884,2223103.0,2270888.2,26084.521,33975.64,0.0,6137.535,101000,117928.36,670602
2018-02-07,22:35:55,338830,-5377.3745,-11689.943,2371188.2,2422156.8,27822.064,36238.83,0.0,6546.3687,101000,125783.805,715273
2018-02-07,22:35:55,338150,-4442.1787,-11456.146,2363005.2,2377033.2,12625.14,6780.1694,514.35754,7247.7646,111000,211588.03,528230
2018-02-07,22:35:55,337450,-8110.3145,-14247.851,2236255.0,2244145.8,20385.389,54799.42,0.0,14686.242,101000,210868.17,740726
2018-02-07,22:35:56,337450,-8650.559,-15196.929,2385216.5,2393632.8,21743.3,58449.723,0.0,15664.522,101000,224914.52,790070
2018-02-07,22:35:56,338830,-5731.839,-12460.519,2527491.8,2581820.0,29656.033,38627.61,0.0,6977.8906,101000,134075.19,762422
2018-02-07,22:35:56,338150,-4734.997,-12211.311,2518769.2,2533722.0,13457.361,7227.103,548.2628,7725.521,111000,225535.44,563051
2018-02-07,22:35:57,338150,-5046.293,-13014.126,2684362.2,2700298.0,14342.097,7702.239,584.3076,8233.425,111000,240362.94,600068
2018-02-07,22:35:57,337450,-9220.784,-16198.676,2542444.5,2551415.8,23176.57,62302.598,0.0,16697.094,101000,239740.38,842151
2018-02-07,22:35:57,338830,-6108.6704,-13279.718,2693658.0,2751558.0,31605.727,41167.125,0.0,7436.642,101000,142889.78,812545
2018-02-07,22:35:58,337450,-9826.991,-17263.635,2709594.0,2719155.0,24700.281,66398.59,0.0,17794.82,101000,255501.77,897517
2018-02-07,22:35:58,338150,-5379.7275,-13874.036,2861732.0,2878720.5,15289.753,8211.165,622.91583,8777.449,111000,256244.95,639716
2018-02-07,22:35:58,338830,-6512.302,-14157.178,2871641.8,2933367.5,33694.08,43887.25,0.0,7928.0195,101000,152331.25,866233
2018-02-07,22:35:59,337450,-10476.312,-18404.332,2888630.8,2898823.5,26332.355,70785.89,0.0,18970.615,101000,272384.1,956818
2018-02-07,22:35:59,338150,-5739.474,-14801.804,3053098.2,3071222.8,16312.19,8760.252,664.5707,9364.404,111000,273380.25,682492
2018-02-07,22:35:59,338830,-6947.784,-15103.879,3063670.8,3129524.0,35947.227,46822.023,0.0,8458.172,101000,162517.77,924156
2018-02-07,22:36:00,338150,-6130.1533,-15809.344,3260919.0,3280277.0,17422.541,9356.552,709.8072,10001.828,111000,291988.9,728945
2018-02-07,22:36:00,337450,-11176.87,-19635.043,3081795.8,3092670.0,28093.22,75519.4,0.0,20239.195,101000,290598.62,1020798
2018-02-07,22:36:00,338830,-7420.7114,-16131.981,3272211.0,3342546.8,38394.11,50009.14,0.0,9033.909,101000,173580.16,987058
2018-02-07,22:36:01,337450,-11937.666,-20971.576,3291569.8,3303184.2,30005.492,80659.914,0.0,21616.852,101000,310379.3,1090278
2018-02-07,22:36:01,338830,-7937.1455,-17254.664,3499936.0,3575166.8,41066.098,53489.46,0.0,9662.612,101000,185660.23,1055747
2018-02-07,22:36:01,338150,-6556.773,-16909.574,3487858.2,3508563.5,18635.04,10007.708,759.20526,10697.892,111000,312309.47,779670
2018-02-07,22:36:02,337450,-12768.452,-22431.064,3520642.0,3533065.0,32093.684,86273.33,0.0,23121.246,101000,331979.75,1166149
2018-02-07,22:36:02,338830,-8503.553,-18485.984,3749697.0,3830296.2,43996.64,57306.555,0.0,10352.151,101000,198909.23,1131082
2018-02-07,22:36:02,338150,-7024.6743,-18116.268,3736757.2,3758940.0,19964.865,10721.874,813.38336,11461.31,111000,334596.38,835303
2018-02-07,22:36:03,337450,-13679.629,-24031.781,3771880.5,3785190.0,34383.938,92429.93,0.0,24771.215,101000,355670.34,1249361
2018-02-07,22:36:03,338150,-7539.4805,-19443.926,4010607.0,4034415.5,21427.998,11507.631,872.9925,12301.257,111000,359117.4,896513
2018-02-07,22:36:03,338830,-9126.739,-19840.738,4024495.0,4111001.0,47220.953,61506.29,0.0,11110.813,101000,213486.38,1213969
2018-02-07,22:36:04,338150,-8107.0483,-20907.652,4312523.0,4338124.0,23041.086,12373.919,938.7109,13227.288,111000,386151.56,963996
2018-02-07,22:36:04,337450,-14682.146,-25792.96,4048304.2,4062589.2,36903.777,99203.695,0.0,26586.584,101000,381735.78,1340914
2018-02-07,22:36:04,338830,-9813.795,-21334.338,4327456.5,4420475.0,50775.72,66136.445,0.0,11947.229,101000,229557.5,1305351
2018-02-07,22:36:05,337450,-15787.41,-27734.64,4353058.5,4368418.5,39681.87,106671.69,0.0,28588.008,101000,410472.62,1441850
2018-02-07,22:36:05,338830,-10572.041,-22982.7,4661810.0,4762015.0,54698.816,71246.36,0.0,12870.311,101000,247293.86,1406202
2018-02-07,22:36:05,338150,-8733.426,-22523.045,4645722.5,4673301.5,24821.314,13329.968,1011.2388,14249.271,111000,415986.88,1038470
2018-02-07,22:36:06,338150,-9424.81,-24306.088,5013502.5,5043265.0,26786.3,14385.238,1091.2938,15377.319,111000,448918.6,1120673
2018-02-07,22:36:06,338830,-11408.9795,-24802.13,5030863.5,5139001.5,59029.062,76886.6,0.0,13889.192,101000,266870.94,1517519
2018-02-07,22:36:06,337450,-17007.197,-29877.51,4689390.0,4705937.0,42747.82,114913.49,0.0,30796.81,101000,442187.06,1553245
2018-02-07,22:36:07,337450,-18353.578,-32242.771,5060627.0,5078484.0,46131.965,124010.66,0.0,33234.848,101000,477192.94,1676201
2018-02-07,22:36:07,338150,-10187.512,-26273.057,5419220.0,5451391.0,28953.98,15549.363,1179.6067,16621.729,111000,485247.3,1211356
2018-02-07,22:36:07,338830,-12332.251,-26809.242,5437986.0,5554875.0,63805.99,83108.65,0.0,15013.175,101000,288467.47,1640319
2018-02-07,22:36:08,337450,-19838.84,-34852.016,5470158.0,5489460.0,49865.19,134046.22,0.0,35924.375,101000,515809.75,1811840
2018-02-07,22:36:08,338830,-13349.59,-29020.85,5886588.5,6013120.0,69069.62,89964.63,0.0,16251.675,101000,312264.38,1775630
2018-02-07,22:36:08,338150,-11027.923,-28440.432,5866274.5,5901099.0,31342.516,16832.096,1276.9175,17992.926,111000,525277.44,1311279
2018-02-07,22:36:09,337450,-21475.43,-37727.105,5921414.5,5942309.0,53978.78,145104.25,0.0,38887.93,101000,558361.06,1961300
2018-02-07,22:36:09,338150,-11952.4795,-30824.816,6358090.0,6395834.0,33970.203,18243.262,1383.9714,19501.414,111000,569315.56,1421207
2018-02-07,22:36:09,338830,-14468.79,-31453.895,6380107.5,6517247.0,74860.266,97507.07,0.0,17614.18,101000,338443.94,1924490
2018-02-07,22:36:10,338830,-15697.668,-34125.367,6921989.0,7070776.0,81218.37,105788.64,0.0,19110.205,101000,367189.0,2087938
2018-02-07,22:36:10,337450,-23275.883,-40890.062,6417853.0,6440499.0,58504.246,157269.47,0.0,42148.21,101000,605172.9,2125725
2018-02-07,22:36:10,338150,-12967.639,-33442.86,6898101.5,6939051.5,36855.395,19792.717,1501.5162,21157.727,111000,617669.25,1541908
2018-02-07,22:36:11,338150,-14079.851,-36311.195,7489740.0,7534202.0,40016.418,21490.305,1630.2987,22972.389,111000,670645.7,1674150
2018-02-07,22:36:11,338830,-17044.03,-37052.242,7515676.0,7677224.0,88184.33,114861.95,0.0,20749.254,101000,398682.16,2267013
2018-02-07,22:36:11,337450,-25252.773,-44362.977,6962940.5,6987510.0,63473.188,170626.83,0.0,45727.984,101000,656572.0,2306263
2018-02-07,22:36:12,337450,-27418.66,-48167.914,7560140.0,7586816.5,68917.17,185261.2,0.0,49649.996,101000,712885.06,2504062
2018-02-07,22:36:12,338830,-18515.645,-40251.406,8164594.5,8340091.0,95798.336,124779.36,0.0,22540.785,101000,433105.16,2462747
2018-02-07,22:36:12,338150,-15295.533,-39446.375,8136419.0,8184720.0,43471.516,23345.82,1771.062,24955.871,111000,728550.56,1818695
2018-02-07,22:36:13,338830,-20120.219,-43739.613,8872142.0,9062847.0,104100.266,135592.8,0.0,24494.18,101000,470638.25,2676167
2018-02-07,22:36:13,337450,-29786.043,-52326.83,8212897.5,8241877.5,74867.62,201257.03,0.0,53936.875,101000,774437.0,2720264
2018-02-07,22:36:13,338150,-16621.05,-42864.816,8841525.0,8894012.0,47238.777,25368.98,1924.5431,27118.559,111000,791687.06,1976301
2018-02-07,22:36:14,337450,-32367.316,-56861.496,8924631.0,8956122.0,81355.68,218698.06,0.0,58611.07,101000,841550.06,2956000
2018-02-07,22:36:14,338150,-18062.697,-46582.75,9608405.0,9665445.0,51336.09,27569.389,2091.4707,29470.71